一	1	一つずつ	一つ	ひとつ	1
一	1	一月の空	一月	いちがつ	1
一	1	一月の一日	一日	ついたち	1
右	1	右手を上げる	右手	みぎて	1
右	1	左右をみる	左右	さゆう	1
雨	1	雨の音	雨	あめ	1
雨	1	黒い雨雲	雨雲	あまぐも	2
円	1	円をかく	円	えん	1
円	1	百円玉	円	えん	1
王	1	王さまになる	王さま	おうさま	1
王	1	王国にかえる	王国	おうこく	2
音	1	大きな音がする	音	おと	1
音	1	きれいな音色	音色	ねいろ	2
下	1	下へ降りる	下	した	6
下	1	上下を見る	上下	じょうげ	1
火	1	ろうそくの火	火	ひ	1
火	1	山火事がおきる	山火事	やまかじ	3
花	1	花がさく	花	はな	1
花	1	花びんにかざる	花	か	1
貝	1	貝をひろう	貝	かい	1
貝	1	貝のくびかざり	貝	かい	1
学	1	学校へいく	学校	がっこう	1
学	1	学びをえる	学び	まなび	1
学	1	学問をする	学問	がくもん	3
気	1	気分をかえる	気分	きぶん	2
気	1	気配がする	気配	けはい	3
気	1	元気なあいさつ	元気	げんき	2
九	1	九個の星	九個	きゅうこ	5
九	1	九かいなげる	九	きゅう	1
休	1	休みをとる	休み	やすみ	1
休	1	休日をすごす	休日	きゅうじつ	1
玉	1	雪玉の形	雪玉	ゆきだま	2
玉	1	玉座がかがやく	玉	ぎょく	6
金	1	金色にかがやく	金色	こんじき	2
金	1	お金をひろう	金	かね	1
金	1	金いろにひかる	金	きん	1
空	1	青空の下	青空	あおぞら	1
空	1	空を見る	空中	そら	1
空	1	空中ブランコ	空中	くうちゅう	1
月	1	月がきれい	月	つき	1
月	1	月曜の朝	月曜	げつよう	2
犬	1	犬の散歩	犬	いぬ	4
犬	1	秋田犬がいる	秋田犬	あきたけん	2
見	1	空を見る	見	み	1
見	1	見本を見せる	見本	みほん	1
五	1	五個のリンゴ	五	ごこ	5
五	1	五回ためしてみる	五	ご	2
五	1	五月雨	五月雨	さみだれ	7
五	1	五月晴れ	五月晴れ	さつきばれ	7
口	1	口の中	口	くち	1
口	1	口角の上がり	口角	こうかく	2
校	1	校庭の木	校庭	こうてい	3
校	1	校歌をうたう	校歌	こうか	2
左	1	左手をのばす	左	ひだり	1
左	1	左岸にわたる	左岸	さがん	3
山	1	ふじ山	山	さん	1
山	1	細い山道	山道	やまみち	2
子	1	子犬のねがお	子犬	こいぬ	1
子	1	一子相伝	一子相伝	いっしそうでん	7
四	1	四角の箱	四角	しかく	3
四	1	四月の桜	四月	しがつ	5
糸	1	細い糸	糸	いと	2
糸	1	一糸乱れぬ	一糸	いっし	6
字	1	きれいな字	字	じ	1
字	1	字をかく	字	んじ	1
耳	1	大きな耳	耳	みみ	1
耳	1	近くの耳鼻科	耳鼻科	じびか	3
七	1	北斗七星	七星	しちせい	7
七	1	七月の空	七月	しちがつ	1
七	1	七夕の空	七夕	たなばた	7
車	1	赤い車	車	くるま	1
車	1	電車にのる	電車	でんしゃ	2
手	1	きれいな手	手	て	1
手	1	上手にかく	上手	じょうず	1
十	1	十本の鉛筆	十本	じっぽん	7
十	1	十月	十月	じゅうがつ	1
十	1	あと十分	十分	じゅっぷん	2
出	1	出かける	出	で	1
出	1	出馬する	出馬	しゅつば	2
出	1	出口にいく	出口	でぐち	1
女	1	女の子	女の子	おんなのこ	1
女	1	マッチ売りの少女	少女	しょうじょ	2
小	1	小さなたね	小さな	ちいさな	1
小	1	小学校	小学校	しょうがっこう	1
小	1	小川であそぶ	小川	おがわ	1
上	1	空の上	上	うえ	1
上	1	上手にかく	上手	じょうず	1
森	1	しずかな森	森	もり	1
森	1	ふかい森	森	もり	1
人	1	たくさんの人	人	ひと	1
人	1	一人であそぶ	一人	ひとり	1
水	1	つめたい水	水	みず	1
水	1	古い水道	水道	すいどう	2
正	1	正しい	正しい	ただしい	1
正	1	正月の朝	正月	しょうがつ	2
生	1	生まれる	生	う	1
生	1	小学生	小学生	しょうがくせい	1
三	1	三人で円になる	三人	さんにん	1
三	1	空に三日月	三日月	みかづき	2
青	1	青空がひろがる	青空	あおぞら	1
青	1	青信号をわたる	青信号	あおしんごう	4
青	1	青銅器	青銅器	せいどうき	7
夕	1	きれいな夕やけ	夕やけ	ゆうやけ	1
夕	1	夕方にかえる	夕方	ゆうがた	2
夕	1	夕礼を行う	夕礼	せきれい	7
石	1	庭の石	石	いし	3
石	1	古い石橋	石橋	いしばし	3
赤	1	赤いポスト	赤	あか	1
赤	1	赤字の会社	赤字	あかじ	2
赤	1	赤銅色	赤銅色	しゃくどういろ	7
千	1	千本の木	千	せん	1
千	1	千円はらう	千円	せんえん	1
千	1	千代に八千代に	ちよ	ちよ	7
川	1	川がながれる	川	かわ	1
川	1	河川の流れ	河川	かせん	5
先	1	先生にあう	先生	せんせい	1
先	1	先におきる	先	さき	1
早	1	早くおきる	早く	はやくち	1
早	1	早口言葉	早口	はやくち	3
早	1	早朝	早朝	そうちょう	2
草	1	広大な草原	草原	そうげん	2
草	1	草をむしる	草	くさ	1
足	1	足がしびれる	足	あし	1
足	1	足し算をする	足し算	たしざん	2
村	1	山の中の村	村	むら	1
村	1	しずかな山村	山村	さんそん	1
大	1	大きなりんご	大	おお	1
大	1	大人がくる	大人	おとな	1
男	1	男の子がいる	男	おとこ	1
男	1	男子が５人いる	男子	だんし	1
竹	1	竹林にいく	竹林	ちくりん	2
竹	1	竹の子掘り	竹	たけ	7
中	1	はこの中	中	なか	1
中	1	中国に行く	中国	ちゅうごく	2
虫	1	虫のこえがきこえる	虫	むし	1
虫	1	こん虫	こん虫	こんちゅう	1
町	1	町の人たち	町	まち	1
町	1	町内をまわる	町内	ちょうない	2
天	1	はれた天気	天気	てんき	1
天	1	夏の天の川	天	あま	5
田	1	緑の田んぼ	田んぼ	たんぼ	3
田	1	広がる水田	水田	すいでん	2
土	1	庭の土	土	つち	3
土	1	ねん土をこねる	土	ど	1
二	1	二人のともだち	二人	ふたり	1
二	1	２月はさむい	二月	にがつ	1
日	1	朝日がのぼる	日	ひ	2
日	1	日曜の朝	日曜	にちよう	2
入	1	さきに入る	入	はい	1
入	1	入学する	入学	にゅうがく	1
年	1	一年の計	一年	いちねん	2
年	1	年上のおにいさん	年上	としうえ	1
白	1	空に白いくも	白	しろ	1
白	1	湖に白鳥	白鳥	はくちょう	3
八	1	風船八つ	八つ	やっつ	2
八	1	八百屋でかう	八百屋	やおや	3
八	1	八百万の神様	八百万	やおろず	3
百	1	百円のジュース	百円	ひゃくえん	1
百	1	百科事典をよむ	百科	ひゃっか	4
文	1	文をよむ	文章	ぶんしょう	1
文	1	学校の文化祭	文化	ぶんか	3
木	1	木をきる	木	き	1
木	1	木かげのすずしさ	木かげ	こかげ	1
本	1	本をかりる	本	ほん	1
本	1	あたらしい本を買う	絵本	えほん	2
名	1	きみの名は	名	な	1
名	1	有名な画家	有名	ゆうめい	3
目	1	目を大きく	目	め	1
目	1	一目おく	一目	いちもく	1
立	1	きちんと立つ	立つ	たつ	1
立	1	会社の成立	成立	せいりつ	4
立	1	神社の建立	建立	こんりゅう	7
力	1	力いっぱい	力	ちから	1
力	1	毎日の努力	努力	どりょく	4
林	1	林のせせらぎ	林	はやし	1
林	1	ゆたかな森林	森林	しんりん	1
六	1	六つ	六つ	むっつ	1
六	1	六月の雨	六月	ろくがつ	1
引	2	ドアを強く引く	引く	ひく	2
引	2	引用する	引用	いんよう	2
羽	2	鳥の羽	羽	はね	2
羽	2	羽毛のふとん	羽毛	うもう	2
雲	2	空に白い雲	雲	くも	2
雲	2	夏空に入道雲	入道雲	にゅうどうぐも	2
園	2	公園であそぶ	動物園	どうぶつえん	2
園	2	うつくしい花園	花園	はなぞの	2
遠	2	遠くに見える	遠く	とおく	2
遠	2	春の遠足	遠足	えんそく	2
何	2	何をえらぶ	何	なに	2
何	2	幾何学を学ぶ	幾何	きか	7
何	2	何度もためす	何度	なんど	3
科	2	理科のべんきょう	理科	りか	2
科	2	科学の発見	科学	かがく	3
夏	2	夏休みの計画	夏休み	なつやすみ	2
夏	2	真夏の海	真夏	まなつ	3
夏	2	盛夏の祭り	盛夏	せいか	6
夏	2	夏至がすぎる	夏至	げし	6
家	2	家の明かり	家	いえ	2
家	2	有名な音楽家	音楽家	おんがくか	3
歌	2	心地よい歌声	歌	うた	2
歌	2	校歌をうたう	校歌	こうか	2
画	2	絵画をみる	絵画	かいが	2
画	2	新作映画	映画	えいが	6
回	2	一回のチャンス	一回	いっかい	2
回	2	こまが回る	回る	まわる	2
会	2	人に会う	会う	あう	2
会	2	大きな会社	会社	かいしゃ	2
海	2	海は心地よい	海	うみ	2
海	2	海外にいく	海外	かいがい	2
絵	2	絵をまねる	絵	え	2
絵	2	絵本をよむ	絵本	えほん	2
絵	2	絵画をみる	絵画	かいが	2
外	2	外を見る	外	そと	2
外	2	外国の友人	外国	がいこく	2
角	2	角をまがる	角	かど	2
角	2	三角形の直角	直角	ちょっかく	2
楽	2	楽しいことをする	楽しい	たのしい	2
楽	2	音楽を聞く	音楽	おんがく	2
活	2	新聞の活字	活字	かつじ	2
活	2	毎日の生活	生活	せいかつ	2
間	2	木と木の間	間	あいだ	2
間	2	すき間があく	間	ま	2
間	2	時間がたつ	時間	じかん	2
丸	2	赤い丸	丸薬		2
丸	2	丸薬をのむ	丸薬	がんやく	3
岩	2	岩がある	岩	いわ	2
岩	2	火山の岩石	岩石	がんせき	2
顔	2	朝の顔色	顔色	かおいろ	2
顔	2	破顔する	破顔	はがん	5
顔	2	子供の笑顔	笑顔	えがお	6
汽	2	遠くの汽車	汽車	きしゃ	2
汽	2	汽水湖	汽水	きすい	3
記	2	日記に思いを書く	日記	にっき	2
記	2	地図の記号	記号	きごう	3
帰	2	夜に帰る	帰る	かえる	2
帰	2	海外から帰国	帰国	きこく	2
弓	2	弓をかまえる	弓	ゆみ	2
弓	2	弓道をならう	弓道	きゅうどう	2
牛	2	牛がいる	牛	うし	2
牛	2	朝の牛乳	牛乳	ぎゅうにゅう	6
魚	2	魚をつかまえる	魚	さかな	2
魚	2	金魚をすくう	金魚	きんぎょ	2
京	2	東京のまちなみ	東京	とうきょう	2
京	2	古都京都の寺社	京都	きょうと	3
強	2	力が強い	強い	つよい	2
強	2	勉強を強いる	強いる	しいる	7
強	2	夜の勉強	勉強	べんきょう	3
教	2	道を教える	教える	おしえる	2
教	2	日本の教育	教育	きょういく	3
近	2	近いところ	近い	ちかい	2
近	2	直近の話	直近	ちょっきん	2
兄	2	兄に会う	兄	あに	2
兄	2	なかのいい兄弟	兄弟	きょうだい	2
形	2	三角の形	形	かたち	2
形	2	立体図形	図形	ずけい	2
計	2	計画をたてる	計画	けいかく	2
計	2	時計を見る	時計	とけい	2
計	2	ねつを計る	計る	はかる	2
元	2	元気なあいさつ	元気	げんき	2
元	2	地元のともだち	地元	じもと	2
言	2	一言いう	一言	ひとこと	2
言	2	海外の言語	言語	げんご	2
原	2	原っぱであそぶ	原っぱ	はらっぱ	2
原	2	原因を調べる	原因	げんいん	5
戸	2	戸をひらく	戸	と	2
戸	2	引き戸をひく	引き戸	ひきど	2
戸	2	戸せきを調べる	戸せき	こせき	3
古	2	古い寺	古い	ふるい	2
古	2	中古のゲーム	中古	ちゅうこ	2
午	2	午後のおひるね	午後	ごご	2
午	2	午前にあそぶ	午前	ごぜん	2
後	2	後ろを見る	後ろ	うしろ	2
後	2	十年後の話	年後	ねんご	2
語	2	日本語を学ぶ	日本語	にほんご	2
語	2	物語を読む	物語	ものがたり	3
工	2	工事する	工事	こうじ	3
工	2	自動車工場	工場	こうじょう	3
工	2	お金を工面する	工面	くめん	3
工	2	工夫する	工夫	くふう	4
公	2	緑の公園	公園	こうえん	3
公	2	映画の公開	公開	こうかい	6
公	2	公の広場	公	おおやけ	2
広	2	広い大地	広い	ひろい	2
広	2	広大な土地	広大	こうだい	2
交	2	大きな交差点	交差点	こうさてん	4
交	2	国際交流	交流	こうりゅう	5
交	2	東西が交わる	まじわる	まじわる	2
光	2	朝の光	光	ひかり	2
光	2	日光をさえぎる	日光	にっこう	2
考	2	よく考える	考える	かんがえる	2
考	2	長考する	長考	ちょうこう	2
行	2	学校へ行く	行く	いく	2
行	2	学校の行事	行事	ぎょうじ	3
行	2	行脚する	行脚	あんぎゃ	7
高	2	高い木	高い	たかい	2
高	2	高校に行く	高校	こうこう	2
黄	2	黄色い花	黄色	きいろ	2
黄	2	黄土色	黄土色	おうどいろ	2
合	2	合図をだす	合図	あいず	2
合	2	集合する	集合	しゅうごう	3
谷	2	谷川であそぶ	谷川	たにがわ	2
谷	2	山と谷	谷	たに	2
国	2	遠い国	国語	くに	2
国	2	国語の教科書	国語	こくご	2
黒	2	黒いかげ	黒い	くろい	2
黒	2	黒板の字	黒板	こくばん	3
今	2	今の時間	今	いま	2
今	2	今回の目玉	今回	こんかい	2
才	2	天才がいる	天才	てんさい	2
才	2	一才になる	一才	いっさい	2
細	2	細い糸	細い	ほそい	2
細	2	細部までつくる	細部	さいぶ	3
作	2	夏休みの工作	工作	こうさく	2
作	2	作る	作る	つくる	2
作	2	作文のタイトル	作文	さくぶん	2
算	2	算数の時間	算数	さんすう	2
算	2	計算の答え	計算	けいさん	2
止	2	車が止まる	止まる	とまる	2
止	2	大雨で中止	中止	ちゅうし	2
市	2	市役所にいく	市役所	しやくしょ	3
市	2	朝市で買う	市	いち	2
矢	2	矢のように	矢	や	2
矢	2	矢印にしたがう	矢印	やじるし	4
姉	2	姉の本	姉	あね	2
姉	2	姉妹の話	姉妹	しまい	2
思	2	楽しい思い出	思い出	おもいで	2
思	2	心に思う	思う	おもう	2
思	2	思想	思想	しそう	3
紙	2	紙に書く	紙	かみ	2
紙	2	手紙を書く	手紙	てがみ	2
寺	2	古い寺	寺	てら	2
寺	2	寺社を回る	寺社	じしゃ	2
自	2	自分の考え	自分	じぶん	2
自	2	自由になる	自由	じゆう	3
自	2	自ずからやる	自ず	おのず	2
時	2	時間をしらべる	時間	じかん	2
時	2	時々空を見上げる	時々	ときどき	2
室	2	広い教室	教室	きょうしつ	2
室	2	室内をみまわす	室内	しつない	2
室	2	氷室はすずしい	氷室	ひむろ	7
社	2	会社に行く	会社	かいしゃ	2
社	2	古い神社	神社	じんじゃ	3
社	2	古い社	社	やしろ	2
弱	2	弱い力	弱い	よわい	2
弱	2	弱点をつく	弱点	じゃくてん	2
首	2	首をかしげる	首	くび	2
首	2	日本の首都東京	首都	しゅと	3
秋	2	木々が色づく秋	秋	あき	2
秋	2	秋風が心地よい	秋風	あきかぜ	2
週	2	週末はあそぶ	週末	しゅうまつ	4
週	2	一週間がおわる	一週間	いっしゅうかん	2
春	2	春のあたたかさ	春	はる	2
春	2	青春の思い出	青春	せいしゅん	2
書	2	日記を書く	書く	かく	2
書	2	古書をさがす	古書	こしょ	2
少	2	少しずつすすむ	少し	すこし	2
少	2	分前が少ない	少ない	すくない	2
少	2	多少かわる	多少	たしょう	2
場	2	場の空気	場	ば	2
場	2	道場に行く	道場	どうじょう	2
色	2	色とりどり	色	いろ	2
色	2	原色をまぜる	原色	げんしょく	2
食	2	夕食をたべる	夕食	ゆうしょく	2
食	2	食欲がある	食欲	しょくよく	6
心	2	心がおどる	心	こころ	2
心	2	関心を持つ	関心	かんしん	4
新	2	新品の靴	新品	しんぴん	7
新	2	新しい本	新しい	あたらしい	2
新	2	新聞をよむ	新聞	しんぶん	2
親	2	親の背中	親	おや	6
親	2	肉親	肉親	にくしん	2
図	2	地図を書く	地図	ちず	2
図	2	図形をみる	図形	ずけい	2
図	2	図る	図る	はかる	2
数	2	数が合わない	数	かず	2
数	2	少数であらわす	概数	がいすう	2
西	2	西日がまぶしい	西日	にしび	2
西	2	西洋文化を学ぶ	西洋	せいよう	3
声	2	声がひびく	声	こえ	2
声	2	発声練習	発生	はっせい	3
星	2	星空の下	星空	ほしぞら	2
星	2	火星をみつける	火星	かせい	2
晴	2	晴天の朝	晴天	せいてん	2
晴	2	明日は晴れる	晴れる	はれる	2
切	2	はさみで切る	切る	きる	2
切	2	切実なおもい	切実	せつじつ	3
雪	2	雪がふる	雪	ゆき	2
雪	2	積雪の深さ	積雪	せきせつ	4
船	2	船にのる	船	ふね	2
船	2	汽船がでる	汽船	きせん	2
線	2	赤い線を一本	線	せん	2
線	2	美しい曲線の形	曲線	きょくせん	3
前	2	前を見る	前	まえ	2
前	2	午前中	午前	ごぜん	2
組	2	赤組と白組	赤組	あかぐみ	2
組	2	組立てる	組立て	くみたて	2
走	2	百メートルを走る	走る	はしる	2
走	2	リレーの走者	走者	そうしゃ	3
多	2	多くの人	多く	おおく	2
多	2	多少はちがう	多少	たしょう	2
太	2	太い木	太い	ふとい	2
太	2	太陽の光	太陽	たいよう	3
体	2	体が大きい	体	からだ	2
体	2	体育ではしる	体育	たいいく	3
台	2	台形を書く	台	だい	2
台	2	台風の進路	台風	たいふう	3
地	2	地下に行く	地下	ちか	2
地	2	地図を見る	地図	ちず	2
池	2	池の鯉	池	いけ	2
池	2	新しい電池	電池	でんち	2
知	2	豊富な知識	知識	ちしき	5
知	2	古い知人	知人	ちじん	2
茶	2	温かいお茶	お茶	おちゃ	3
茶	2	茶道を学ぶ	茶道	さどう,ちゃどう	2
昼	2	昼にあそぶ	昼	ひる	2
昼	2	昼食を取る	昼食	ちゅうしょく	3
長	2	長い道	長い	ながい	2
長	2	新しい学長	学長	がくちょう	2
鳥	2	鳥の鳴き声	鳥	とり	2
鳥	2	白鳥がいる	白鳥	はくちょう	2
朝	2	朝日の光	朝日	あさひ	2
朝	2	早朝にでかける	早朝	そうちょう	2
直	2	一本の直線	直線	ちょくせん	2
直	2	正直になる	正直	しょうじき	2
通	2	道を通る	通る	とおる	2
通	2	交通ルールをまもる	交通	こうつう	2
弟	2	弟とあそぶ	弟	おとうと	2
弟	2	兄弟であそぶ	兄弟	きょうだい	2
店	2	店のひと	店	みせ	2
店	2	新しい書店	書店	しょてん	2
点	2	赤い点	点	てん	2
点	2	テストは満点	満点	まんてん	4
電	2	電話をかける	電話	でんわ	2
電	2	電車にまにあう	電車	でんしゃ	2
刀	2	刀をさやにおさめる	刀	かたな	2
刀	2	竹刀で稽古	竹刀	しない	7
冬	2	冬休みの計画	冬休み	ふゆやすみ	2
冬	2	厳冬期の過ごし方	厳冬期	げんとうき	6
当	2	当たり前にする	当たり前	あたりまえ	2
当	2	担当になる	担当	たんとう	6
東	2	東の空が明るい	東	ひがし	2
東	2	関東の気候	関東	かんとう	4
東	2	東風ふかば	東風	こち	7
答	2	答えを記入	答え	こたえ	2
答	2	回答する	回答	かいとう	2
頭	2	頭をつかう	頭	あたま	2
頭	2	先頭を歩く	先頭	せんとう	2
同	2	同じ大きさ	同じ	おなじ	2
同	2	同時についた	同時	どうじ	2
道	2	道をあるく	道	みち	2
道	2	車道をさける	車道	しゃどう	2
読	2	本を読む	読む	よむ	2
読	2	読書の時間	読書	どくしょ	2
内	2	内と外	内	うち	2
内	2	内部のしくみ	内部	ないぶ	3
内	2	内裏様	内裏	だいり	6
南	2	南の方角	南	みなみ	2
南	2	東南の風	東南	とうなん	2
肉	2	肉の焼ける香り	肉	にく	4
肉	2	牛肉の味	牛肉	ぎゅうにく	3
馬	2	馬の足音	馬	うま	2
馬	2	競馬をみる	競馬	けいば	4
売	2	売店の場所	売店	ばいてん	3
売	2	売上を計算する	売上	うりあげ	2
買	2	買い物する	買い物	かいもの	3
買	2	にんじんを買う	買う	かう	2
麦	2	麦をうえる	麦	むぎ	2
麦	2	麦芽が材料	麦芽	ばくが	4
半	2	半分にする	半分	はんぶん	2
半	2	前半でおわる	前半	ぜんはん	2
半	2	道半ば	半ば	なかば	2
番	2	店の番をする	番	ばん	2
番	2	番犬の声	番犬	ばんけん	2
父	2	父にたのむ	父	ちち	2
父	2	父母が来る	父母	そふぼ	2
風	2	風の音	風	かぜ	2
風	2	台風がくる	台風	たいふう	2
分	2	ケーキを分ける	分ける	わける	2
分	2	気分がいい	気分	きぶん	2
聞	2	音を聞く	聞く	きく	2
聞	2	新聞を読む	新聞	しんぶん	2
聞	2	多聞天の像	多聞天	たもんてん	7
米	2	米をそだてる	米	こめ	2
米	2	国産米をかう	国産米	こくさんまい	4
米	2	米国の文化	米国	べいこく	3
歩	2	道を歩く	歩く	あるく	2
歩	2	散歩する	散歩	さんぽ	4
母	2	母がわらう	母	はは	2
母	2	祖母のくふう	祖母	そぼ	5
方	2	方角の確認	方角	ほうがく	6
方	2	夕方の空	夕方	ゆうがた	2
北	2	北風がつめたい	北風	きたかぜ	2
北	2	北海道にいく	北海道	ほっかいどう	2
毎	2	毎日あるく	毎日	まいにち	2
毎	2	毎週あつまる	毎週	まいしゅう	2
妹	2	妹にきく	妹	いもうと	2
妹	2	姉妹ではしる	姉妹	しまい	2
万	2	一万円ではらう	一万	いちまん	2
万	2	八百万の神々	八百万	やおろず	7
明	2	明るい一日	明るい	あかるい	2
明	2	明日あそぶ	明日	あした,あす,みょうにち	2
明	2	説明する	説明	せつめい	4
鳴	2	小鳥が鳴く	鳴く	なく	2
鳴	2	鳴門のうずしお	鳴門	なると	7
鳴	2	天地鳴動	鳴動	めいどう	3
毛	2	毛の手触り	毛	け	7
毛	2	羊毛のセーター	毛布	もうふ	3
門	2	門の前で	門	もん	2
門	2	専門の分野	専門	せんもん	6
夜	2	夜空の星	夜空	よぞら	2
夜	2	夜食を食べる	夜食	やしょく	2
野	2	野原に広がる	野原	のはら	2
野	2	野球をする	野球	やきゅう	3
友	2	友だちのえがお	友だち	ともだち	2
友	2	友人がくる	友人	ゆうじん	2
用	2	用事をおわらせる	用事	ようじ	3
用	2	用を足す	利用	りよう	2
用	2	用いる	用いる	もちいる	2
曜	2	月曜の朝	月曜	げつよう	2
曜	2	六曜を調べる	六曜	ろくよう	7
来	2	春が来る	来る	くる	2
来	2	来年になる	来年	らいねん	2
里	2	里山のけしき	里山	さとやま	2
里	2	千里の道のり	千里	せんり	2
理	2	理由をしる	理由	りゆう	3
理	2	料理をつくる	料理	りょうり	4
理	2	自然の理り	理り	ことわり	7
話	2	話をつづける	話	はなし	2
話	2	会話の時間	会話	かいわ	2
悪	3	黒板に悪いの文字	悪い	わるい	3
悪	3	ネットの悪口	悪口	わるぐち	3
悪	3	悪食だ	悪食	あくじき	3
安	3	スーパーの安い商品	安い	やすい	3
安	3	安全な道路	安全	あんぜん	3
暗	3	部屋が暗い	暗い	くらい	3
暗	3	暗号をおくる	暗号	あんごう	3
医	3	町の医者	医者	いしゃ	3
医	3	近所の医院	医院	いいん	3
委	3	学校の委員会	委員会	いいんかい	3
委	3	仕事を委ねる	委ねる	ゆだねる	3
意	3	意見を聞く	意見	いけん	3
意	3	本人の意思	意思	いし	3
育	3	植物を育てる	育てる	そだてる	3
育	3	学校教育	教育	きょういく	3
員	3	コンビニの店員	店員	てんいん	3
員	3	クラブの会員	会員	かいいん	3
院	3	近くの病院	病院	びょういん	3
院	3	大学院にいく	大学院	だいがくいん	3
飲	3	水を飲む	飲む	のむ	3
飲	3	飲み物をはこぶ	飲み物	のみもの	3
運	3	荷物を運ぶ	運ぶ	はこぶ	3
運	3	朝の運動	運動	うんどう	3
泳	3	海で泳ぐ	泳ぐ	およぐ	3
泳	3	プールで水泳	水泳	すいえい	3
駅	3	にぎやかな駅前	駅前	えきまえ	3
駅	3	駅員にたずねる	駅員	えきいん	3
央	3	地図の中央	中央	ちゅうおう	3
央	3	中央線にのる	中央線	ちゅうおうせん	3
横	3	車が横転する	横転	おうてん	3
横	3	美しい横顔	横顔	よこがお	3
屋	3	赤い屋根	屋根	やね	3
屋	3	角の本屋	本屋	ほんや	3
温	3	温かい食事	温かい	あたたかい	3
温	3	室内の温度	温度	おんど	3
化	3	変化がはげしい	変化	へんか	4
化	3	理科の化学	化学	かがく	3
荷	3	重い荷物	荷物	にもつ	3
荷	3	だいこんの出荷	出荷	しゅっか	3
界	3	広い世界	世界	せかい	3
界	3	音楽業界	業界	ぎょうかい	3
開	3	本を開く	開く	ひらく	3
開	3	公開する	公開	こうかい	3
階	3	階段をのぼる	階段	かいだん	6
階	3	ビルの三階	三階	さんがい	3
寒	3	冬の寒い朝	寒い	さむい	3
寒	3	体の寒気	寒気	さむけ	3
感	3	読書の感想	感想	かんそう	3
感	3	感動する	感動	かんどう	3
漢	3	黒板に漢字を書く	漢字	かんじ	3
漢	3	漢方薬を服用	漢方	かんぽう	3
館	3	図書館に行く	図書館	としょかん	3
館	3	旅館にとまる	旅館	りょかん	3
岸	3	川の岸辺で遊ぶ	岸辺	きしべ	4
岸	3	海岸の波	海岸	かいがん	3
起	3	朝早く起きる	起きる	おきる	3
起	3	起立して礼	起立	きりつ	3
期	3	夏休みの期間	期間	きかん	3
期	3	二学期の始まり	学期	がっき	3
客	3	客室に入る	客室	きゃくしつ	3
客	3	乗客全員が下車	乗客	じょうきゃく	3
究	3	科学の研究	研究	けんきゅう	3
究	3	究明する	究明	きゅうめい	3
急	3	電車に急ぐ	急ぐ	いそぐ	3
急	3	急行電車に乗る	急行	きゅうこう	3
級	3	学級会で話す	学級	がっきゅう	3
級	3	上級クラスへの進級	上級	じょうきゅう	3
宮	3	神宮にいく	神宮	じんぐう	3
宮	3	宮中の行事	宮中	きゅうちゅう	3
球	3	球場にいく	球場	きゅうじょう	3
球	3	地球は回っている	地球	ちきゅう	3
去	3	友人が去る	去る	さる	3
去	3	去年の夏	去年	きょねん	3
橋	3	木の橋をわたる	橋	はし	3
橋	3	鉄橋をこえる	鉄橋	てっきょう	3
業	3	いろいろな業界	業界	ぎょうかい	3
業	3	事業をはじめる	事業	じぎょう	3
曲	3	道を曲がる	曲がる	まがる	3
曲	3	作曲する	作曲	さっきょく	3
局	3	終局をむかえた	終局	しゅうきょく	3
局	3	大事な局面	局面	きょくめん	3
銀	3	銀行にあずける	銀行	ぎんこう	3
銀	3	水銀の温度計	水銀	すいぎん	3
区	3	地区ごとのルール	地区	ちく	3
区	3	区役所に行く	区役所	くやくしょ	3
苦	3	レモンが苦い	苦い	にがい	3
苦	3	ねつで苦しい	苦労	くろう	3
具	3	道具の使い方	道具	どうぐ	3
具	3	新しい家具	家具	かぐ	3
君	3	君の番	君	きみ	3
君	3	古代の君主	君主	くんしゅ	3
係	3	係の仕事	係	かかり	3
係	3	人との関係	関係	かんけい	4
軽	3	荷物が軽い	軽い	かるい	3
軽	3	軽量の部品	軽量	けいりょう	4
血	3	血が出る	血	ち	3
血	3	血管がみえる	血管	けっかん	4
決	3	進路を決める	決める	きめる	3
決	3	最終決定を下す	決定	けってい	4
研	3	研究をがんばる	研究	けんきゅう	3
研	3	研修する	研修	けんしゅう	5
県	3	県立の病院	県庁	けんちょう	3
県	3	県外にでかける	県立	けんりつ	3
庫	3	車庫に車を止める	車庫	しゃこ	3
庫	3	寺院の庫裏	庫裏	くり	7
湖	3	湖面にうかぶ	湖面	こめん	3
湖	3	湖の魚	湖	みずうみ	3
向	3	駅へ向かう人々	向かう	むかう	3
向	3	正しい方向へ進む	方向	ほうこう	3
幸	3	幸せな家族	幸せ	しあわせ	3
幸	3	幸福な生活	幸福	こうふく	3
港	3	活気ある港町	港	みなと	3
港	3	国際空港の出発ロビー	空港	くうこう	5
号	3	一号車にのる	号車	ごうしゃ	3
号	3	号外にのる	号外	ごうがい	3
根	3	大木の根	根	ね	3
根	3	根本原因をさぐる	根本	こんぽん	5
祭	3	夏の祭り	祭り	まつり	3
祭	3	文化祭でもりあがる	文化祭	ぶんかさい	3
皿	3	皿にもりつける	皿	さら	3
皿	3	皿をかたづける	灰皿	はいざら	3
仕	3	仕事をする	仕事	しごと	3
仕	3	仕組みをかんがえる	仕組み	しくみ	3
死	3	カメが死ぬ	死ぬ	しぬ	3
死	3	死をいたむ	死	し	3
使	3	道具を上手に使う	使う	つかう	3
使	3	使用する	使用	しよう	3
始	3	始発にのる	始発	しはつ	3
始	3	式が開始する	開始	かいし	3
指	3	指を切る	指	ゆび	3
指	3	指示をきく	指示	しじ	5
歯	3	前歯がぬける	前歯	まえば	3
歯	3	町の歯医者	歯医者	はいしゃ	3
詩	3	うつくしい詩	詩	し	3
詩	3	有名な詩人の作品	詩人	しじん	3
次	3	次の電車で出発	次	つぎ	3
次	3	次回で終わる	次回	じかい	3
事	3	重大な事件の真相	事件	じけん	5
事	3	事実がわかった	事実	じじつ	3
持	3	重い荷物を持つ	持つ	もつ	3
持	3	所持する	所持	しょじ	3
式	3	式典にそなえる	式	しき	4
式	3	公式をおぼえる	公式	こうしき	3
実	3	木の実が落ちる	実	み	3
実	3	実験をする	実験	じっけん	4
写	3	絵を写す練習	写す	うつす	3
写	3	写真をとる	写真	しゃしん	3
者	3	医者をたずねる	医者	いしゃ	3
者	3	記者が来る	記者	きしゃ	3
主	3	主人がいる	主人	しゅじん	3
主	3	主役をえんじる	主役	しゅやく	3
守	3	ルールを守る	守る	まもる	3
守	3	保守点検をする	保守	ほしゅ	5
取	3	荷物を取る	取る	とる	3
取	3	取得する	取得	しゅとく	4
酒	3	おいしいお酒	酒	さけ	3
酒	3	日本酒をのむ	日本酒	にほんしゅ	3
受	3	プレゼントを受ける	受ける	うける	3
受	3	中学受験する	受験	じゅけん	4
州	3	アメリカの州	州	しゅう	3
州	3	九州にいく	九州	きゅうしゅう	3
拾	3	落とし物を拾う	拾う	ひろう	3
拾	3	拾得する	拾得	しゅうとく	4
終	3	仕事が終わる	終わる	おわる	3
終	3	終局をむかえる	終局	終局	3
習	3	国語を習う	習う	ならう	3
習	3	毎日の練習	練習	れんしゅう	3
集	3	公園に集まる	集まる	あつまる	3
集	3	朝の集合時間	集合	しゅうごう	3
住	3	マンションに住む	住む	すむ	3
住	3	住所をつたえる	住所	じゅうしょ	3
重	3	荷物が重い	重い	おもい	3
重	3	重力がある	重力	じゅうりょく	3
宿	3	明日の宿題	宿題	しゅくだい	3
宿	3	宿場町で休む	宿場町	しゅくばまち	3
所	3	待ち合わせ場所	場所	ばしょ	3
所	3	新しい住所	住所	じゅうしょ	3
暑	3	夏は暑い	暑い	あつい	3
暑	3	暑気ばらい	暑気	しょき	3
助	3	人を助ける	助ける	たすける	3
助	3	助成金を出す	助成金	じょせいきん	4
昭	3	昭和の時代	昭和	しょうわ	3
昭	3	昭和時代の写真	昭和時代	しょうわじだい	3
消	3	黒板を消す	消す	けす	3
消	3	消火する	消火	しょうか	3
商	3	駅前の商店	商店	しょうてん	3
商	3	商業を助ける	商業	しょうぎょう	3
章	3	長い文章	文章	ぶんしょう	3
章	3	本の第一章	章	しょう	3
勝	3	野球で勝つ	勝つ	かつ	3
勝	3	勝利する	勝利	しょうり	4
乗	3	電車に乗る	乗る	のる	3
乗	3	乗車する	乗車	じょうしゃ	3
植	3	花を植える	植える	うえる	3
植	3	植物園に行く	植物	しょくぶつ	3
申	3	申しこむ	申しこむ	もうしこむ	3
申	3	申告する	申告	しんこく	4
身	3	身を守る	身	み	3
身	3	身長がのびる	身長	しんちょう	3
神	3	神社に行く	神社	じんじゃ	3
神	3	神話を読む	神話	しんわ	3
真	3	黒板の真ん中	真ん中	まんなか	3
真	3	真実を追う	真実	しんじつ	3
深	3	池の深い場所に注意	深い	ふかい	3
深	3	深夜のテレビ番組	深夜	しんや	3
進	3	一歩ずつ前に進む	進む	すすむ	3
進	3	一歩前進する	前進	ぜんしん	3
世	3	世の中がかわる	世の中	よのなか	3
世	3	世界の国々	世界	せかい	3
整	3	部屋を整える	整える	ととのえる	3
整	3	テストを整理する	整理	せいり	3
昔	3	昔の写真を見る	昔	むかし	3
昔	3	おばあちゃんの昔話	昔話	むかしばなし	3
全	3	宿題を全部終える	全部	ぜんぶ	3
全	3	全校で発表する	全校	ぜんこう	3
相	3	友だちに相談する	相談	そうだん	3
相	3	相手にエールを送る	相手	あいて	3
送	3	手紙を送る	送る	おくる	3
送	3	荷物の配送	配送	はいそう	3
想	3	想う	想う	おもう	3
想	3	理想の人	理想	りそう	3
息	3	息をすう	息	いき	3
息	3	昼食後の休息	休息	きゅうそく	3
速	3	風のように速い	速い	はやい	3
速	3	速度を出す	速度	そくど	3
族	3	家族との外出	家族	かぞく	3
族	3	アジアの民族	民族	みんぞく	4
他	3	他の方法を考える	他の	ほかの	4
他	3	他人の気持ち	他人	たにん	3
打	3	タイコを打つ	打つ	うつ	3
打	3	野球の打球	打球	だきゅう	3
対	3	問題に対する	対する	たいする	3
対	3	対応をかえる	対応	たいおう	5
待	3	友だちを待つ	待つ	まつ	3
待	3	救助隊の待機	待機	たいき	4
代	3	代わりの道具	代わり	かわり	3
代	3	時代によってかわる	時代	じだい	3
第	3	第一にきめる	第一	だいいち	3
第	3	式次第を読む	式次第	しきしだい	3
題	3	問題をとく	問題	もんだい	3
題	3	宿題をすすめる	宿題	しゅくだい	3
炭	3	炭で火を起こす	炭	すみ	3
炭	3	石炭をほる	石炭	せきたん	3
短	3	短いリボン	短い	みじかい	3
短	3	短所をきにする	短所	たんしょ	3
談	3	会談する	会談	かいだん	3
談	3	進路の相談	相談	そうだん	3
着	3	服を着る	着る	きる	3
着	3	発着場所	発着	はっちゃく	3
注	3	注意する	注意	ちゅうい	3
注	3	注射をする	注射	ちゅうしゃ	6
柱	3	家の柱が太い	柱	はしら	3
柱	3	電柱がたつ	電柱	でんちゅう	3
丁	3	丁重に対応する	丁重	ていちょう	5
丁	3	とうふを一丁買う	一丁	いっちょう	3
帳	3	新しい帳面	帳面	ちょうめん	3
帳	3	ポケットの手帳	手帳	てちょう	3
調	3	虫を調べる	調べる	しらべる	3
調	3	調書を取る	調書	ちょうしょ	3
追	3	追いかける	追いかける	おいかける	3
追	3	書類の追加提出	追加	ついか	5
定	3	予定をかんがえる	予定	よてい	3
定	3	定期をかう	定期	ていき	3
庭	3	広い庭	庭	にわ	3
庭	3	家庭でのルール	家庭	かてい	3
笛	3	銀の笛	笛	ふえ	3
笛	3	汽笛が鳴る	汽笛	きてき	3
鉄	3	鉄道の線路	鉄道	てつどう	3
鉄	3	川にかかる鉄橋	鉄橋	てっきょう	3
転	3	氷で転ぶ	転ぶ	ころぶ	3
転	3	バスの運転手	運転	うんてん	3
都	3	東京都の地図	東京都	とうきょうと	3
都	3	日本の首都	首都	しゅと	3
度	3	何度もためす	度	たび	3
度	3	外気の温度	温度	おんど	3
投	3	ボールを投げる	投げる	なげる	3
投	3	ピッチャーの投球	投球	とうきゅう	3
豆	3	小さな豆	豆	まめ	3
豆	3	朝食の納豆	納豆	なっとう	6
島	3	南の島	島	しま	3
島	3	日本列島の形	列島	れっとう	3
湯	3	お湯をかける	お湯	おゆ	3
湯	3	熱湯に注意する	熱湯	ねっとう	4
登	3	山を登る	登る	のぼる	3
登	3	朝の登校時間	登校	とうこう	3
等	3	大きさが等しい	等しい	ひとしい	3
等	3	等身大の人形	等身大	とうしんだい	3
動	3	魚が動く	動く	うごく	3
動	3	朝の運動	運動	うんどう	3
童	3	昔の童話	童話	どうわ	3
童	3	童心に帰る	童心	どうしん	3
農	3	日本の農業	農業	のうぎょう	3
農	3	村の農家	農家	のうか	3
波	3	海の波	波	なみ	3
波	3	電波がわるい	電波	でんぱ	3
配	3	手紙を配る	配る	くばる	3
配	3	配送する	配達	はいたつ	3
倍	3	数が二倍に	倍	ばい	3
倍	3	望遠鏡の倍率	倍率	ばいりつ	5
箱	3	箱を開ける	箱	はこ	3
箱	3	小箱を開ける	小箱	こばこ	3
畑	3	広い畑をたがやす	畑	はたけ	3
畑	3	一面の花畑が広がる	花畑	はなばたけ	3
発	3	朝礼で意見を発表	発表	はっぴょう	3
発	3	水力発電の仕組み	発電	はつでん	3
反	3	計画に反対の声が多い	反対	はんたい	3
反	3	反省をする	反省	はんせい	4
坂	3	急な坂を上る	坂	さか	3
坂	3	長い坂道を下る	坂道	さかみち	3
板	3	木の板を切る	板	いた	3
板	3	黒板に答えを書く	黒板	こくばん	3
皮	3	りんごの皮をむく	皮	かわ	3
皮	3	高級な毛皮のコート	毛皮	けがわ	3
悲	3	悲しいわかれ	悲しい	かなしい	3
悲	3	悲喜こもごも	悲喜	ひき	4
美	3	美しい絵	美しい	うつくしい	3
美	3	美術の時間	美術	びじゅつ	5
鼻	3	鼻をかむ	鼻	はな	3
鼻	3	鼻水が出る	鼻水	はなみず	3
筆	3	筆で字を書く	筆	ふで	3
筆	3	えん筆けずり	えん筆	えんぴつ	3
氷	3	氷がとける	氷	こおり	3
氷	3	氷山の一角	氷山	ひょうざん	3
表	3	表に名前を書く	表	おもて	3
表	3	研究を発表	発表	はっぴょう	3
秒	3	一秒の速さ	秒	びょう	3
秒	3	秒速五センチメートル	秒速	びょうそく	3
病	3	病気で休む	病気	びょうき	3
病	3	病院に行く	病院	びょういん	3
品	3	品数が多い	品数	しなかず	3
品	3	作品を見る	作品	さくひん	3
負	3	野球で負ける	負ける	まける	3
負	3	重い負担がかかる	負担	ふたん	6
部	3	部屋をかたずける	部屋	へや	3
部	3	部活で練習	部活	ぶかつ	3
服	3	新しい服を着る	服	ふく	3
服	3	和服をあつらえる	和服	わふく	3
福	3	幸福な生活	幸福	こうふく	3
福	3	のこりものには福がある	福	ふく	3
物	3	物を大切に使う	物	もの	3
物	3	動物園にいく	動物園	どうぶつ	3
平	3	世界の平和をねがう	平和	へいわ	3
平	3	水平な地面	水平	すいへい	3
返	3	本を返す	返す	かえす	3
返	3	返事をする	返事	へんじ	3
勉	3	勉強をがんばる	勉強	べんきょう	3
勉	3	勤勉な態度	勤勉	きんべん	6
放	3	矢を放つ	放つ	はなつ	3
放	3	テレビ放送を見る	放送	ほうそう	3
味	3	ケーキを味をたのしむ	味	あじ	3
味	3	意味がわかる	意味	いみ	3
命	3	大切な命を守る	命	いのち	3
命	3	生命を大切にする	生命	せいめい	3
面	3	面白い本	面白い	おもしろい	3
面	3	面接をうける	面接	めんせつ	5
面	3	面構えがちがう	面構え	つらがまえ	5
問	3	問い合わせる	問い合わせ	といあわせ	3
問	3	算数の問題	問題	もんだい	3
役	3	役目をはたす	役目	やくめ	3
役	3	区役所へ行く	役所	やくしょ	3
薬	3	にがい薬を飲む	薬	くすり	3
薬	3	近所の薬局	薬局	やっきょく	3
由	3	理由を知りたい	理由	りゆう	3
由	3	自由な発想	自由	じゆう	3
油	3	油をつかう	油	あぶら	3
油	3	石油をほる	石油	せきゆ	3
有	3	本が有る	有る	ある	3
有	3	有名な歌手	有名	ゆうめい	3
遊	3	公園で遊ぶ	遊ぶ	あそぶ	3
遊	3	遊園地で楽しむ	遊園地	ゆうえんち	3
予	3	明日の予定	予定	よてい	3
予	3	予め考える	予め	あらかじめ	3
羊	3	羊を集める	羊	ひつじ	3
羊	3	羊毛のセーター	羊毛	ようもう	3
洋	3	新しい洋服	洋服	ようふく	3
洋	3	西洋の文化	西洋	せいよう	3
葉	3	緑の葉っぱ	葉っぱ	はっぱ	3
葉	3	秋の落葉	落葉	らくよう	3
陽	3	朝の太陽	太陽	たいよう	3
陽	3	春の陽気	陽気	ようき	3
様	3	様子がおかしい	様子	ようす	3
様	3	昔の王様	王様	おうさま	3
落	3	木の実が落ちる	落ちる	おちる	3
落	3	物体の落下	落下	らっか	3
流	3	川が流れる	流れる	ながれる	3
流	3	今年の流行	流行	りゅうこう	3
旅	3	長い旅をする	旅	たび	3
旅	3	夏の旅行	旅行	りょこう	3
両	3	両手を広げる	両手	りょうて	3
両	3	両親に会う	両親	りょうしん	3
緑	3	森の緑	緑	みどり	3
緑	3	朝の緑茶	緑茶	りょくちゃ	3
礼	3	お礼の言葉	礼	れい	3
礼	3	礼状を書く	礼状	れいじょう	5
列	3	一列になる	一列	いちれつ	3
列	3	長い行列	行列	ぎょうれつ	3
練	3	毎日の練習	練習	れんしゅう	3
練	3	よく練る	練る	ねる	3
路	3	広い道路	道路	どうろ	3
路	3	新しい路線	路線	ろせん	3
和	3	場が和む	和む	なごむ	3
和	3	世界の平和	平和	へいわ	3
愛	4	愛弟子と先生	愛弟子	まなでし	4
愛	4	愛犬と歩く	愛犬	あいけん	4
案	4	駅の案内	案内	あんない	4
案	4	身を案じる	案じる	あんじる	4
以	4	百点以上を目指す	以上	いじょう	4
以	4	以内に	以内	いない	4
衣	4	衣服を整える	衣服	いふく	4
衣	4	衣料品売り場	衣料	いりょう	4
位	4	位置を調べる	位置	いち	4
位	4	クラスの順位表	順位	じゅんい	4
囲	4	公園の周囲を歩く	周囲	しゅうい	4
囲	4	周りを囲む	囲む	かこむ	4
胃	4	胃腸の調子が悪い	胃腸	いちょう	4
胃	4	胃腸薬をのむ	胃腸薬	いちょうやく	4
印	4	文書の印刷開始	印刷	いんさつ	4
印	4	印をつける	印	しるし	4
英	4	英語の発音練習	英語	えいご	4
英	4	英国からくる	英国	えいこく	4
栄	4	栄養バランスの良い食事	栄養	えいよう	4
栄	4	栄光の記録	栄光	えいこう	4
塩	4	食塩を少なめに	食塩	しょくえん	4
塩	4	塩水で消毒	塩水	しおみず	4
億	4	一億円の小切手	一億円	いちおくえん	4
億	4	億万長者の生活	億万長者	おくまんちょうじゃ	4
加	4	データの追加作業	追加	ついか	4
加	4	電車が加速	加速	かそく	4
果	4	実験の結果発表	結果	けっか	4
果	4	果実をしゅうかくする	果実	かじつ	4
貨	4	貨物を運ぶ	貨物	かもつ	4
貨	4	世界の通貨	通貨	つうか	4
課	4	明日の課題	課題	かだい	4
課	4	ゲームの課金システム	課金	かきん	4
芽	4	春の発芽の様子	発芽	はつが	4
芽	4	新しい命の芽生え	芽生え	めばえ	4
改	4	駅の改札	改札	かいさつ	4
改	4	品種改良の成果	改良	かいりょう	4
械	4	便利な機械の発明	機械	きかい	4
械	4	器械体操をする	器械体操	きかいたいそう	6
害	4	害虫がいる	害虫	がいちゅう	4
害	4	公害問題を考える	公害	こうがい	4
街	4	活気ある商店街	商店街	しょうてんがい	4
街	4	街角の風景	街角	まちかど	4
各	4	各地の文化	各地	かくち	4
各	4	各国の代表が集合	各国	かっこく	4
覚	4	新しい言葉を覚える	覚える	おぼえる	4
覚	4	するどい感覚	感覚	かんかく	4
完	4	完全にしあげる	完全	かんぜん	4
完	4	未完の作品	未完	みかん	4
官	4	半官半民	半官半民	はんかんはんみん	4
官	4	官庁の建物	官庁	かんちょう	6
管	4	管理をしっかりする	管理	かんり	4
管	4	管楽器の曲	管楽器	かんがっき	4
関	4	関係が良い	関係	かんけい	4
関	4	関節の動き	関節	かんせつ	4
観	4	外国人観光客	観光	かんこう	4
観	4	自然の観察記録	観察	かんさつ	4
願	4	願書をかく	願書	がんしょ	4
願	4	願い事をかく	願い事	ねがいごと	4
希	4	希望する	希望	きぼう	4
希	4	希少な動物を守る	希少	きしょう	4
季	4	季節がかわる	季節	きせつ	4
季	4	日本の四季の美しさ	四季	しき	4
紀	4	二十一世紀の科学	世紀	せいき	4
紀	4	海外紀行の旅	紀行	きこう	4
喜	4	子どもが喜ぶ	喜ぶ	よろこぶ	4
喜	4	古典的な喜劇	喜劇	きげき	6
旗	4	運動会の旗	旗	はた	4
旗	4	世界の国旗	国旗	こっき	4
器	4	様々な楽器の音色	楽器	がっき	4
器	4	手先が器用な人	器用	きよう	4
機	4	機会を見計らう	機会	きかい	4
機	4	空港の飛行機	飛行機	ひこうき	4
議	4	重要な会議	会議	かいぎ	4
議	4	国会の議員	議員	ぎいん	4
求	4	真実を求める	求める	もとめる	4
求	4	無理な要求	要求	ようきゅう	4
泣	4	赤ちゃんが泣く	泣く	なく	4
泣	4	感動の号泣	号泣	ごうきゅう	4
救	4	救助する	救助	きゅうじょ	4
救	4	救急車に乗る	救急車	きゅうきゅうしゃ	4
給	4	学校の給食	給食	きゅうしょく	4
給	4	給料をはらう	給与	きゅうよ	4
挙	4	挙手してたずねる	挙手	きょしゅ	4
挙	4	市長選挙の投票	選挙	せんきょ	4
漁	4	漁業が主な産業	漁業	ぎょぎょう	4
漁	4	港の漁船	漁船	ぎょせん	4
共	4	意見の共通点	共通	きょうつう	4
共	4	共同事業を行う	共同	きょうどう	4
協	4	仲間との協力	協力	きょうりょく	4
協	4	協定を結ぶ	協定	きょうてい	4
鏡	4	鏡を見る	鏡	かがみ	4
鏡	4	望遠鏡をのぞく	望遠鏡	ぼうえんきょう	4
競	4	運動会の競争	競争	きょうそう	4
競	4	点数を競う	競う	きそう	4
極	4	極限状態	極限状態	きょくげんじょうたい	5
極	4	氷の大陸南極	南極	なんきょく	4
訓	4	訓練する	訓練	くんれん	4
訓	4	漢字の音訓	音訓	おんくん	4
軍	4	国の軍隊が行進	軍隊	ぐんたい	4
軍	4	戦国時代の軍人	軍人	ぐんじん	4
郡	4	郡部の田んぼ	郡部	ぐんぶ	4
郡	4	福島の郡山市	郡山	こおりやま	4
径	4	円の直径をはかる	直径	ちょっけい	4
径	4	円の半径を計算	半径	はんけい	4
型	4	金型を作る	金型	かながた	4
型	4	典型的な家族	典型的	てんけいてき	4
景	4	景色をながめる	景色	けしき	4
景	4	景気が良くなる	景気	けいき	4
芸	4	芸術を見る	芸術	げいじゅつ	5
芸	4	園芸用の土	園芸	えんげい	4
欠	4	欠席する	欠席	けっせき	4
欠	4	歯が欠けた	欠けた	かけ	4
結	4	ひもを結ぶ	結ぶ	むすぶ	4
結	4	テストの結果発表	結果	けっか	4
建	4	建物の工事	建物	たてもの	4
建	4	建設工事を見る	建設	けんせつ	5
健	4	健康になる	健康	けんこう	4
健	4	健やかな成長	健やか	すこやか	4
験	4	漢字の試験	試験	しけん	4
験	4	貴重な経験	経験	けいけん	6
固	4	石のように固い	固い	かたい	4
固	4	固定されたイス	固定	こてい	4
功	4	事業の成功	成功	せいこう	4
功	4	功労者をいわう	功労	こうろう	4
好	4	あまいものを好む	好む	このむ	4
好	4	調子が好調	好調	こうちょう	4
候	4	明日の天候	天候	てんこう	4
候	4	選挙の候補	候補	こうほ	6
航	4	大型船の航海	航海	こうかい	4
航	4	航空機の着陸	航空	こうくう	4
康	4	健康な体	健康	けんこう	4
康	4	病状が小康状態	小康	しょうこう	5
告	4	重要な報告	報告	ほうこく	5
告	4	新聞の広告	広告	こうこく	4
差	4	点数の差	差	さ	4
差	4	差別のない社会	差別	さべつ	4
菜	4	野菜を食べる	野菜	やさい	4
菜	4	学校の菜園	菜園	さいえん	4
最	4	最初の一歩	最初	さいしょ	4
最	4	最高の一日	最高	さいこう	4
材	4	料理の材料	材料	ざいりょう	4
材	4	木材を集める	木材	もくざい	4
昨	4	昨日の出来事	昨日	きのう	4
昨	4	昨年の記録	昨年	さくねん	4
札	4	木の札	札	ふだ	4
札	4	名札をつける	名札	なふだ	4
刷	4	本の印刷	印刷	いんさつ	4
刷	4	本を刷る	刷る	する	4
殺	4	殺虫作用がある	殺虫	さっちゅう	4
殺	4	殺人事件の犯人	殺人	さつじん	5
察	4	交番の警察官	警察	けいさつ	6
察	4	相手の気持ちを察する	察する	さっする	4
参	4	運動会に参加	参加	さんか	4
参	4	そちらに参る	参る	まいる	4
産	4	産業を調べる	産業	さんぎょう	4
産	4	病院での出産	出産	しゅっさん	4
散	4	朝の散歩	散歩	さんぽ	4
散	4	花が散る	散る	ちる	4
残	4	食べ物が残る	残る	のこる	4
残	4	試験に失敗して残念	残念	ざんねん	4
士	4	研究所の博士	博士	はかせ	4
士	4	士官学校にはいる	士官	しかん	4
氏	4	氏名を書く	氏名	しめい	4
氏	4	氏より育ち	氏	うじ	4
史	4	日本の歴史	歴史	れきし	4
史	4	自分史を書く	自分史	じぶんし	4
司	4	式典の司会	司会	しかい	4
司	4	会社の上司	上司	じょうし	4
試	4	野球の試合	試合	しあい	4
試	4	入学試験	試験	しけん	4
児	4	小学校の児童	児童	じどう	4
児	4	小児科にいく	小児科	しょうにか	4
治	4	かぜを治す	治す	なおす	4
治	4	自治体	自治体	じちたい	4
辞	4	国語の辞書	辞書	じしょ	4
辞	4	職を辞する	辞する	じする	5
失	4	大きな失敗	失敗	しっぱい	4
失	4	失礼な言い方	失礼	しつれい	4
借	4	本を借りる	借りる	かりる	4
借	4	借金を返す	借金	しゃっきん	4
種	4	動物の種類	種類	しゅるい	4
種	4	植物の種子	種子	しゅし	4
周	4	池の周囲	周囲	しゅうい	4
周	4	公園の周り	周り	まわり	4
祝	4	お祝いを刷る	お祝い	おいわい	4
祝	4	五月の祝日	祝日	しゅくじつ	4
順	4	順番が来る	順番	じゅんばん	4
順	4	仕事は順調	順調	じゅんちょう	4
初	4	初めてのるすばん	初めて	はじめて	4
初	4	五月の初夏	初夏	しょか	4
松	4	公園の松ぼっくり	松ぼっくり	まつぼっくり	4
松	4	海岸の松林	松林	まつばやし	4
笑	4	楽しく笑う	笑う	わらう	4
笑	4	和やかに談笑する	談笑	だんしょう	4
唱	4	学校で合唱	合唱	がっしょう	4
唱	4	日本の唱歌	唱歌	しょうか	4
焼	4	パンを焼く	焼く	やく	4
焼	4	焼肉を注文	焼肉	やきにく	4
象	4	動物園の象	象	ぞう	4
象	4	心に残る印象	印象	いんしょう	4
照	4	光で照らす	照らす	てらす	4
照	4	両者を対照	対照	たいしょう	4
賞	4	運動会の賞品	賞品	しょうひん	4
賞	4	コンクールで受賞	受賞	じゅしょう	4
臣	4	歴史上の大臣	大臣	だいじん	4
臣	4	古代の臣下	臣下	しんか	4
信	4	道路の信号	信号	しんごう	4
信	4	相手への信用	信用	しんよう	4
成	4	成長する	成長	せいちょう	4
成	4	作品の完成	完成	かんせい	4
省	4	手間を省く	省く	はぶく	4
省	4	行動の反省	反省	はんせい	4
清	4	清らかな流れ	清らか	きよらか	4
清	4	山間の清流	清流	せいりゅう	4
静	4	部屋が静か	静か	しずか	4
静	4	冬の静電気	静電気	せいでんき	4
席	4	朝の出席	出席	しゅっせき	4
席	4	席が足りない	席	せき	4
積	4	箱を積む	積む	つむ	4
積	4	部屋の面積	面積	めんせき	4
折	4	紙を折る	折る	おる	4
折	4	骨折する	骨折	こっせつ	6
節	4	春の節分	節分	せつぶん	4
節	4	四つの季節	季節	きせつ	4
説	4	分かりやすい説明	説明	せつめい	4
説	4	学生に説く	説く	とく	4
浅	4	水が浅い	浅い	あさい	4
浅	4	観光地の浅草	浅草	あさくさ	4
戦	4	平和と戦争	戦争	せんそう	4
戦	4	古代の戦士	戦士	せんし	4
選	4	本を選ぶ	選ぶ	えらぶ	4
選	4	オリンピック選手	選手	せんしゅ	4
然	4	自然をまもる	自然	しぜん	4
然	4	結果は当然	当然	とうぜん	4
争	4	チームで争う	争う	あらそう	4
争	4	運動会の競争	競争	きょうそう	4
倉	4	広い倉庫	倉庫	そうこ	4
倉	4	古い米倉	米倉	こめぐら	4
巣	4	鳥の巣	巣	す	4
巣	4	鳥の営巣地	営巣地	えいそうち	5
束	4	明日の約束	約束	やくそく	4
束	4	紐で束ねる	束ねる	たばねる	4
側	4	母の側	側	そば	4
側	4	建物の側面	側面	そくめん	4
続	4	物語が続く	続く	つづく	4
続	4	続編を見る	継続	けいぞく	5
卒	4	春の卒業	卒業	そつぎょう	4
卒	4	新卒社員として働く	新卒	しんそつ	4
孫	4	子孫に伝える	子孫	しそん	4
孫	4	孫とあそぶ	孫	まご	4
帯	4	帯をしめる	帯	おび	4
帯	4	帯同する	帯同	たいどう	4
隊	4	隊員として働く	隊員	たいいん	4
隊	4	部隊があつまる	部隊	ぶたい	4
達	4	達人がいる	達人	たつじん	4
達	4	目的地に達した	達した	たっした	4
単	4	単語を暗記する	単語	たんご	4
単	4	十二単を着る	十二単	じゅうにひとえ	7
置	4	本を置く	置く	おく	4
置	4	位置を調べる	位置	いち	4
仲	4	仲間と行動する	仲間	なかま	4
仲	4	仲裁に入る	仲裁	ちゅうさい	6
貯	4	貯金を始める	貯金	ちょきん	4
貯	4	貯える	貯える	たくわえる	4
兆	4	春の兆し	兆し	きざし	4
兆	4	雨の前兆	前兆	ぜんちょう	4
腸	4	小腸のあたりがいたい	小腸	しょうちょう	4
腸	4	大腸の健康管理	大腸	だいちょう	4
低	4	低い場所に置く	低い	ひくい	4
低	4	最低温度を記録する	最低	さいてい	4
底	4	箱の底を見る	底	そこ	4
底	4	海底を調べる	海底	かいてい	4
停	4	電車が停車中	停車	ていしゃ	4
停	4	機械の停止	停止	ていし	4
的	4	目的を達成する	目的	もくてき	4
的	4	的をねらう	的	まと	4
典	4	辞典で調べる	辞典	じてん	4
典	4	典型的な例	典型	てんけい	4
伝	4	手紙で気持ちを伝える	伝える	つたえる	4
伝	4	伝説を調べる	伝統	でんとう	4
徒	4	生徒が集合	生徒	せいと	4
徒	4	徒競走で一位	徒競走	ときょうそう	4
努	4	努力の成果	努力	どりょく	4
努	4	努める	努める	つとめる	4
灯	4	灯台の光	灯台	とうだい	4
灯	4	街灯が点灯	街灯	がいとう	4
堂	4	食堂で昼食	食堂	しょくどう	4
堂	4	講堂で話を聞く	講堂	こうどう	5
働	4	朝から働く	働く	はたらく	4
働	4	労働する	労働	ろうどう	4
特	4	特別な行事	特別	とくべつ	4
特	4	特急電車に乗る	特急	とっきゅう	4
得	4	知識を得る	得る	える	5
得	4	所得の計算	所得	しょとく	4
毒	4	毒をもつ魚	毒	どく	4
毒	4	食中毒にならないようにする	中毒	ちゅうどく	4
熱	4	熱い料理二注意	熱い	あつい	4
熱	4	熱心に勉強する	熱心	ねっしん	4
念	4	記念写真をとる	記念	きねん	4
念	4	念願の合格	念願	ねんがん	5
敗	4	大切な試合で敗れる	敗れる	やぶれる	4
敗	4	実験の失敗から学ぶ	失敗	しっぱい	4
梅	4	梅雨の季節	梅雨	つゆ	4
梅	4	お弁当に梅干し	梅干し	うめぼし	6
博	4	休日の博物館見学	博物館	はくぶつかん	4
博	4	万国博覧会にいく	博覧会	はくらんかい	6
飯	4	朝飯の時間	朝飯	あさめし	4
飯	4	このぐらいは朝飯前	朝飯前	あさめしまえ	4
飛	4	鳥が空を飛ぶ	飛ぶ	とぶ	4
飛	4	飛行機にのる	飛行機	ひこうき	4
費	4	旅行の費用計算	費用	ひよう	4
費	4	来年の学費	学費	がくひ	4
必	4	約束は必ず守る	必ず	かならず	4
必	4	生活に必要な物	必要	ひつよう	4
票	4	選挙の投票所	投票	とうひょう	4
票	4	開票速報を見る	票数	ひょうすう	5
標	4	高い目標を持つ	目標	もくひょう	4
標	4	道路標識に注意する	標識	ひょうしき	5
不	4	試験前の不安	不安	ふあん	4
不	4	材料の不足	不足	ふそく	4
夫	4	夫の仕事	夫婦	おっと	4
夫	4	仲の良い夫婦	夫婦	ふうふ	5
夫	4	問題解決の工夫	工夫	くふう	5
付	4	名前を付ける	付ける	つける	4
付	4	付属品	付属品	ふぞくひん	5
府	4	新しい政府の発足	政府	せいふ	5
府	4	京都府の観光地	京都府	きょうとふ	4
副	4	副校長の訓話	副校長	ふくこうちょう	4
副	4	薬の副作用	副作用	ふくさよう	4
粉	4	パン作りの小麦粉	小麦粉	こむぎこ	4
粉	4	花粉がつらい	花粉	かふん	4
兵	4	古代の兵士たち	兵士	へいし	4
兵	4	戦場の兵隊	兵隊	へいたい	4
別	4	友との別れ	別れる	わかれる	4
別	4	荷物は別々に	別々	べつべつ	4
辺	4	公園の辺り	辺り	あたり	4
辺	4	静かな海辺	海辺	うみべ	4
変	4	天気が変わる	変わる	かわる	4
変	4	変身する	変身	へんしん	4
便	4	スマートフォンは便利	便利	べんり	4
便	4	郵便ポストにいれる	郵便	ゆうびん	6
包	4	きれいに包む	包む	つつむ	4
包	4	包丁で野菜を切る	包丁	ほうちょう	4
法	4	新しい方法を考案	方法	ほうほう	4
法	4	法律を守る	法律	ほうりつ	6
望	4	希望に満ちる	希望	きぼう	4
望	4	人間の願望	願望	がんぼう	4
牧	4	広大な牧場	牧場	ぼくじょう	4
牧	4	羊の放牧	放牧	ほうぼく	4
末	4	週末の予定	週末	しゅうまつ	4
末	4	末広がり	末広がり	すえひろがり	4
満	4	満足な結果	満足	まんぞく	4
満	4	電車は満員	満員	まんいん	4
未	4	明るい未来	未来	みらい	4
未	4	予定は未定	未定	みてい	4
脈	4	脈をはかる	脈	みゃく	4
脈	4	アルプスの山脈	山脈	さんみゃく	4
民	4	国民の声	国民	こくみん	4
民	4	市民の意見	市民	しみん	4
無	4	無理な要求	無理	むり	4
無	4	入場は無料	無料	むりょう	4
約	4	約束の時間	約束	やくそく	4
約	4	数学の約数	約数	やくすう	4
勇	4	勇気ある行動	勇気	ゆうき	4
勇	4	伝説の勇者	勇者	ゆうしゃ	4
要	4	必要な物品	必要	ひつよう	4
要	4	要点を整理	要点	ようてん	4
養	4	家族を養う	養う	やしなう	4
養	4	栄養バランス	栄養	えいよう	4
浴	4	入浴後の清々しさ	入浴	にゅうよく	4
浴	4	浴室をきれいにする	浴室	よくしつ	4
利	4	建物を利用する	利用	りよう	4
利	4	計画の利点	利点	りてん	4
陸	4	大陸の地図	大陸	たいりく	4
陸	4	陸にあがる	陸	りく	4
良	4	良い天気	良い	よい	4
良	4	体調は良好	良好	りょうこう	4
料	4	材料をあつめる	材料	ざいりょう	4
料	4	料理のうでまえ	料理	りょうり	4
量	4	重さを量る	量る	はかる	4
量	4	重量をはかる	重量	じゅうりょう	4
輪	4	車輪の回転	車輪	しゃりん	4
輪	4	指輪をはめる	指輪	ゆびわ	4
類	4	種類が多い	種類	しゅるい	4
類	4	人類の歴史	人類	じんるい	4
令	4	命令を出す	命令	めいれい	4
令	4	令和の時代	令和	れいわ	4
冷	4	冷たい飲み物	冷たい	つめたい	4
冷	4	冷蔵庫の中	冷蔵庫	れいぞうこ	6
例	4	事例を例える	例える	たとえる	4
例	4	例文を作成	例文	れいぶん	4
歴	4	歴史の教科書	歴史	れきし	4
歴	4	はなばなしい経歴	経歴	けいれき	5
連	4	山々が連なる	連なる	つらなる	4
連	4	連続して発生	連続	れんぞく	4
老	4	老人の工夫	老人	ろうじん	4
老	4	老後の生活	老後	ろうご	4
労	4	労う	労う	ねぎらう	7
労	4	苦労の末	苦労	くろう	4
録	4	記録する	記録	きろく	4
録	4	録音スタジオ	録音	ろくおん	4
圧	5	圧力をはかる	圧力	あつりょく	5
圧	5	血圧をはかる	血圧	けつあつ	5
移	5	荷物の移動を開始	移動	いどう	5
移	5	移転を告知する	移転	いてん	5
因	5	事故の原因を究明	原因	げんいん	5
因	5	因果の理を説く	因果	いんが	5
永	5	永久の記録	永久	えいきゅう	5
永	5	永遠の愛をちかう	永遠	えいえん	5
営	5	経営者の話を聞く	経営者	けいえいしゃ	5
営	5	商売を営む	営む	いとなむ	5
衛	5	衛生の基準を満たす	衛生	えいせい	5
衛	5	国の防衛を強化	防衛	ぼうえい	5
易	5	安易な判断は禁物	安易	あんい	5
易	5	貿易の実績を報告	貿易	ぼうえき	5
益	5	利益の計算方法	利益	りえき	5
益	5	収益を見こむ	収益	しゅうえき	6
液	5	液体をしらべる	液体	えきたい	5
液	5	血液の検査結果	血液	けつえき	5
演	5	演者の予定を調整する	演者	えんじゃ	5
演	5	公演の日程を発表	公演	こうえん	5
応	5	応じる	応じる	おうじる	5
応	5	化学反応の実験	反応	はんのう	5
往	5	往復する	往復	おうふく	5
往	5	人々の往来が絶える	往来	おうらい	5
桜	5	桜の花が満開	桜	さくら	5
桜	5	桜並木の道を散歩	桜並木	さくらなみき	6
恩	5	恩返しの機会を得る	恩返し	おんがえし	5
恩	5	恩人との再会を果たす	恩人	おんじん	5
可	5	可能な限りチャレンジする	可能	かのう	5
可	5	法案が可決する	可決	かけつ	5
仮	5	仮定の話をする	仮定	かてい	5
仮	5	仮名で文を書く	仮名	かな	5
価	5	価格の変動に注目	価格	かかく	5
価	5	価値ある商品を選ぶ	価値	かち	6
河	5	大雨で河川を気にする	河川	かせん	5
河	5	黄河の流れ	黄河	こうが	5
過	5	過去の問題	過去	かこ	5
過	5	列車が通過する	通過	つうか	5
賀	5	祝賀の席	祝賀	しゅくが	5
賀	5	年賀状を書く	年賀状	ねんがじょう	5
快	5	快く引き受ける	快く	こころよく	5
快	5	快速電車にのる	快速	かいそく	5
解	5	問題の解答	解答	かいとう	5
解	5	分解する	分解	ぶんかい	5
格	5	資格試験	資格	しかく	5
格	5	格好の機会を得る	格好	かっこう	5
確	5	正確に理解する	正確	せいかく	5
確	5	確実にすすめる	確実	かくじつ	5
額	5	金額の合計を計算	金額	きんがく	5
額	5	額にあせする	額	ひたい	5
刊	5	週刊誌を読む	週刊	しゅうかん	6
刊	5	朝刊を配達	朝刊	ちょうかん	5
幹	5	新幹線が通過	幹線	かんせん	5
幹	5	クラスの幹事を決定	幹事	かんじ	5
慣	5	生活習慣を見直す	習慣	しゅうかん	5
慣	5	生活に慣れる	慣れる	なれる	5
眼	5	眼科に通う	眼科	がんか	5
眼	5	眼鏡を新調	眼鏡	めがね	5
基	5	基本を理解	基本	きほん	5
基	5	ルールに基づく	基づく	もとづく	5
寄	5	赤十字に寄付	寄付	きふ	5
寄	5	公園に寄り道	寄り道	よりみち	5
規	5	学校の規則を守る	規則	きそく	5
規	5	規模を拡大する	規模	きぼ	6
技	5	最新技術を導入	技術	ぎじゅつ	5
技	5	オリンピック競技に出場	競技	きょうぎ	5
義	5	義務を果たす	義務	ぎむ	5
義	5	正義の味方	正義	せいぎ	5
逆	5	逆転ホームラン	逆転	ぎゃくてん	5
逆	5	逆立ちで遊ぶ	逆立ち	さかだち	5
久	5	久しぶりの再会	久しぶり	ひさしぶり	5
久	5	久々の外出	久々	ひさびさ	5
旧	5	旧友との再会	旧友	きゅうゆう	5
旧	5	旧居を思い出す	旧跡	きゅうせき	5
居	5	居間でくつろぐ	居間	いま	5
居	5	居住地をかえる	居住	きょじゅう	5
許	5	許可を得る	許可	きょか	5
許	5	過ちを許す	許す	ゆるす	5
境	5	国境をこえる	国境	こっきょう	5
境	5	境界線を引く	境界	きょうかい	5
均	5	平均点を計算	平均	へいきん	5
均	5	均等に分配	均等	きんとう	5
禁	5	立入禁止の表示	禁止	きんし	5
禁	5	禁酒法時代の話	禁酒	きんしゅ	5
句	5	俳句をよむ	俳句	はいく	6
句	5	句読点を打つ	句読点	くとうてん	5
群	5	魚の群れを観察	群れ	むれ	5
群	5	群集の中を歩く	群集	ぐんしゅう	5
経	5	経て進む	経て	へて	5
経	5	貴重な経験	経験	けいけん	6
潔	5	清潔な住まい	清潔	せいけつ	5
潔	5	潔白を証明	潔白	けっぱく	5
件	5	重大事件が発生	事件	じけん	5
件	5	条件を調べる	条件	じょうけん	5
券	5	乗車券を買う	乗車券	じょうしゃけん	5
券	5	定期券で通学	定期券	ていきけん	5
険	5	危険な場所	危険	きけん	6
険	5	険しい山道	険しい	けわしい	5
検	5	検査する	検査	けんさ	5
検	5	点検を行った	点検	てんけん	5
限	5	速度制限の標識	制限	せいげん	5
限	5	人間の能力の限界	限界	げんかい	5
現	5	自然の現象を観察	現象	げんしょう	5
現	5	現代の科学技術	現代	げんだい	5
減	5	人口の減少が進む	減少	げんしょう	5
減	5	減税を行う	減税	げんぜい	5
故	5	交通事故の現場	事故	じこ	5
故	5	何故にそうおもうのか	何故	なにゆえ,なぜ	5
個	5	個人を大切に	個人	こじん	5
個	5	個数を数える	個数	こすう	5
護	5	動物の保護活動	保護	ほご	5
護	5	要人の護衛体制	護衛	ごえい	5
効	5	薬の効果が表れる	効果	こうか	5
効	5	有効な方法を考える	有効	ゆうこう	5
厚	5	厚い雲が見える	厚い	あつい	5
厚	5	厚意にあまえる	厚意	こうい	5
耕	5	古代の農耕文化	農耕	のうこう	5
耕	5	広大な耕地が広がる	耕地	こうち	5
鉱	5	金の鉱山を発見	鉱山	こうざん	5
鉱	5	鉱石を調べる	鉱石	こうせき	5
構	5	建物の構造	構造	こうぞう	5
構	5	構想を練る	構想	こうそう	5
興	5	新しい物への興味	興味	きょうみ	5
興	5	街の復興が進む	復興	ふっこう	5
講	5	著名人の講演会	講演	こうえん	6
講	5	学校の講堂に集合	講堂	こうどう	5
混	5	駅の混雑をさける	混雑	こんざつ	5
混	5	二つの液体を混合	混合	こんごう	5
査	5	実地調査を開始	調査	ちょうさ	5
査	5	品質検査を行う	検査	けんさ	5
再	5	工事の再開を決定	再開	さいかい	5
再	5	資源の再生利用	再生	さいせい	6
災	5	自然災害に備える	災害	さいがい	5
災	5	天災に備える	天才	てんさい	5
妻	5	妻の手料理	妻	つま	5
妻	5	妻子の生活を支える	妻子	さいし	5
採	5	新規採用の面接	採用	さいよう	5
採	5	土の採取方法	採取	さいしゅ	5
際	5	国際社会の動き	国際	こくさい	5
際	5	友人との交際	交際	こうさい	5
在	5	商品の在庫を見る	在庫	ざいこ	5
在	5	大学在学中の経験	在学	ざいがく	5
財	5	莫大な財産を相続	財産	ざいさん	5
財	5	国の財政	財政	ざいせい	5
罪	5	重い罪を犯す	罪	つみ	5
罪	5	犯罪が発生	犯罪	はんざい	5
雑	5	新しい雑誌	雑誌	ざっし	6
雑	5	複雑な計算問題	複雑	ふくざつ	5
酸	5	空気中の酸素	酸素	さんそ	5
酸	5	果物の酸味が強い	酸味	さんみ	5
賛	5	提案に賛成の意見	賛成	さんせい	5
賛	5	功績への賞賛の声	賞賛	しょうさん	5
支	5	新しい支店がオープン	支店	してん	5
支	5	大木を支える支柱	支える	ささえる	5
志	5	第一志望の大学	志望	しぼう	5
志	5	強い意志で前進	意志	いし	5
枝	5	桜の枝が満開	枝	えだ	5
枝	5	小枝を拾う	小枝	こえだ	5
師	5	町の医師がくる	医師	いし	5
師	5	厳しい師の教え	師	し	6
資	5	重要な資料を保管	資料	しりょう	5
資	5	天然資源の活用	資源	しげん	6
飼	5	犬を飼う決意	飼う	かう	5
飼	5	動物の飼育方法	飼育	しいく	5
示	5	方向を示す標識	示す	しめす	5
示	5	明確な指示を出す	指示	しじ	5
似	5	兄に似る弟	似る	にる	5
似	5	類似の商品	類似	るいじ	5
識	5	豊富な知識が必要	知識	ちしき	5
識	5	物識りだ	物識り	ものしり	5
質	5	質問の時間	質問	しつもん	5
質	5	高い品質の製品	品質	ひんしつ	5
舎	5	新しい校舎の完成	校舎	こうしゃ	5
舎	5	山小屋の宿舎	宿舎	しゅくしゃ	5
謝	5	素直に謝る態度	謝る	あやまる	5
謝	5	心からの感謝	感謝	かんしゃ	5
授	5	午前中の授業	授業	じゅぎょう	5
授	5	授与する	授与	じゅよ	7
修	5	自転車の修理代	修理	しゅうり	5
修	5	社員の研修期間	研修	けんしゅう	5
述	5	意見を述べる機会	述べる	のべる	5
述	5	試験の記述問題	記述	きじゅつ	5
術	5	最新の技術開発	技術	ぎじゅつ	5
術	5	手術を行う	手術	しゅじゅつ	5
準	5	入念な準備	準備	じゅんび	5
準	5	安全基準の設定	基準	きじゅん	5
序	5	物語の順序	順序	じゅんじょ	5
序	5	本の序章	序章	じょしょう	5
招	5	パーティーへの招待	招待	しょうたい	5
招	5	客を招く準備	招く	まねく	5
承	5	事実を承知	承知	しょうち	5
承	5	仕事を承る	承る	うけたまわる	5
証	5	数学の証明問題	証明	しょうめい	5
証	5	確証がある	確証	かくしょう	5
条	5	条約を結ぶ	条約	じょうやく	5
条	5	条件を確認する	条件	じょうけん	6
状	5	状態をしらべる	状態	じょうたい	5
状	5	現状をみる	現状	げんじょう	5
常	5	常識を問う問題	常識	じょうしき	5
常	5	非常に寒い冬	非常	ひじょう	5
情	5	最新の情報	情報	じょうほう	5
情	5	母の愛情	愛情	あいじょう	5
織	5	伝統の織物	織物	おりもの	5
織	5	生物の組織	組織	そしき	5
職	5	職業を選ぶ	職業	しょくぎょう	5
職	5	職人になる	就職	しゅうしょく	5
制	5	新しい制度	制度	せいど	5
制	5	交通の規制	規制	きせい	5
性	5	明るい性格	性格	せいかく	5
性	5	物質の性質	性質	せいしつ	5
政	5	日本の政治	政治	せいじ	5
政	5	市の行政	行政	ぎょうせい	5
勢	5	波の勢い	勢い	いきおい	5
勢	5	国の勢力	勢力	せいりょく	5
精	5	新米の精米	精米	せいまい	5
精	5	人の精神	精神	せいしん	5
製	5	国産の製品	製品	せいひん	5
製	5	自動車の製造	製造	せいぞう	5
税	5	高い税金	税金	ぜいきん	5
税	5	国税調査が入る	国税	こくぜい	5
責	5	重い責任	責任	せきにん	5
責	5	相手を責める	責める	せめる	5
績	5	期末の成績	成績	せいせき	5
績	5	会社の業績	業績	ぎょうせき	5
接	5	電線の接続	接続	せつぞく	5
接	5	円に接する	接する	せっする	5
設	5	建物の設計	設計	せっけい	5
設	5	道路の建設	建設	けんせつ	5
舌	5	赤い舌	舌	した	5
舌	5	舌打ちを刷る	舌打ち	したうち	5
絶	5	絶対に無理	絶対	ぜったい	5
絶	5	絶体絶命	絶体絶命	ぜったい	5
銭	5	財布の小銭	小銭	こぜに	5
銭	5	大切な金銭	金銭	きんせん	5
祖	5	遠い祖先	祖先	そせん	5
祖	5	代々の先祖	先祖	せんぞ	5
素	5	料理の素材	素材	そざい	5
素	5	重要な要素	要素	ようそ	5
総	5	学校の総合学習	総合	そうごう	5
総	5	日本の総理大臣	総理	そうり	5
造	5	大型の造船所	造船	ぞうせん	5
造	5	工場での製造	製造	せいぞう	5
像	5	公園の銅像	像	ぞう	5
像	5	テレビの映像	映像	えいぞう	6
増	5	人口が増える	増える	ふえる	5
増	5	収入の増加	増加	ぞうか	6
則	5	学校の規則	規則	きそく	5
則	5	基本の原則	原則	げんそく	5
測	5	長さの測定	測定	そくてい	5
測	5	天気の予測	予測	よそく	5
属	5	生物の分類で所属を学ぶ	所属	しょぞく	5
属	5	実験で金属の性質を確認	金属	きんぞく	6
率	5	率直な意見を述べる	率直	そっちょく	5
率	5	円グラフで比率を表現	比率	ひりつ	5
損	5	損失を計算	損失	そんしつ	5
損	5	建物が破損する	破損	はそん	5
退	5	病気で退学を決意	退学	たいがく	5
退	5	軍が退く	退く	しりぞく	5
貸	5	友人に本を貸す	貸す	かす	5
貸	5	図書館で貸出手続き	貸出	かしだし	5
態	5	面接での態度が重要	態度	たいど	5
態	5	水の三態変化	状態	じょうたい	5
団	5	団体で行動する	団体	だんたい	5
団	5	集団で動く	集団	しゅうだん	5
断	5	さそいを断る	断る	ことわる	5
断	5	正しい判断が必要	判断	はんだん	5
築	5	新しい校舎の建築	建築	けんちく	5
築	5	関係を築く	築く	きずく	5
張	5	ひもを張る	張る	はる	5
張	5	自分の主張を述べる	主張	しゅちょう	5
提	5	会議での提案	提案	ていあん	5
提	5	書類の提出期限	提出	ていしゅつ	5
程	5	程度の問題	程度	ていど	5
程	5	旅行の日程を決める	日程	にってい	5
適	5	適当な答えを選ぶ	適当	てきとう	5
適	5	適切な判断	適切	てきせつ	5
敵	5	戦国時代の敵味方	敵	てき	5
敵	5	敵国との戦い	敵国	てきこく	5
統	5	国家の統一	統一	とういつ	5
統	5	日本の伝統文化	伝統	でんとう	5
銅	5	公園の銅像	銅像	どうぞう	5
銅	5	青銅の鏡	青銅	せいどう	5
導	5	先生の指導を受ける	指導	しどう	5
導	5	新制度の導入	導入	どうにゅう	5
徳	5	道徳の授業	道徳	どうとく	5
徳	5	人としての美徳	美徳	びとく	5
独	5	独身生活を送る	独身	どくしん	5
独	5	独特な雰囲気	独特	どくとく	7
任	5	任務をはたす	任務	にんむ	5
任	5	弟に仕事を任せる	任せる	まかせる	5
燃	5	葉っぱが燃える	燃える	もえる	5
燃	5	車の燃料が不足	燃料	ねんりょう	5
能	5	能力を活かす	能力	のうりょく	5
能	5	伝統芸能の能楽	能楽	のうがく	5
破	5	紙を破る	破る	やぶる	5
破	5	破片をかたづける	破片	はへん	6
犯	5	犯人をつかまえる	犯人	はんにん	5
犯	5	重大な犯罪が発生	犯罪	はんざい	5
判	5	正しい判断が必要	判断	はんだん	5
判	5	判定がくつがえる	判定	はんてい	5
版	5	新刊の出版	出版	しゅっぱん	5
版	5	版画を見る	版画	はんが	5
比	5	数字を比べる	比べる	くらべる	5
比	5	成長の比率を計算	比率	ひりつ	5
肥	5	畑に肥料を撒く	肥料	ひりょう	5
肥	5	肥満が問題になる	肥満	ひまん	5
非	5	非常事態が発生	非常	ひじょう	5
非	5	非公式な会合	非公式	ひこうしき	5
備	5	入念な準備が必要	準備	じゅんび	5
備	5	災害に備える	備える	そなえる	5
俵	5	重い俵を運ぶ	俵	たわら	5
俵	5	米俵を積み上げる	米俵	こめだわら	5
評	5	評価基準が高い	評価	ひょうか	5
評	5	評判がいい	批評	ひひょう	5
貧	5	貧しい生活	貧しい	まずしい	5
貧	5	貧困層を助ける	貧困	ひんこん	6
布	5	布のふく	布	ぬの	5
布	5	布団をしまう	布団	ふとん	5
婦	5	主婦の生活	主婦	しゅふ	5
婦	5	婦人は言った	婦人	ふじん	5
富	5	知識が豊富	豊富	ほうふ	5
富	5	富士山は日本一	富士山	ふじさん	5
武	5	戦国の武士	武士	ぶし	5
武	5	伝統的な武道	武道	ぶどう	5
復	5	毎日の復習が大切	復習	ふくしゅう	5
復	5	古都の復活を願う	復活	ふっかつ	5
複	5	複数から選ぶ	複数	ふくすう	5
複	5	重複している	重複	ちょうふく	5
仏	5	古寺の仏像	仏像	ぶつぞう	5
仏	5	日本の仏教文化	仏教	ぶっきょう	5
編	5	編集作業を行う	編集	へんしゅう	5
編	5	セーターを編む	編む	あむ	5
弁	5	昼休みの弁当	弁当	べんとう	5
弁	5	弁護士になりたい	弁護士	べんごし	5
保	5	保健室で休む	保健	ほけん	5
保	5	動物の保護活動	保護	ほご	5
墓	5	静かな墓地	墓地	ぼち	5
墓	5	山の中の古い墓	墓	はか	5
報	5	明日の会議で報告	報告	ほうこく	5
報	5	最新の気象情報	情報	じょうほう	5
豊	5	豊かな自然	豊か	ゆたか	5
豊	5	今年は豊作	豊作	ほうさく	5
防	5	災害を防ぐ	防ぐ	ふせぐ	5
防	5	防止する	防止	ぼうし	5
貿	5	世界の貿易取引	貿易	ぼうえき	5
貿	5	日本の通商貿易	通商貿易	つうしょうぼうえき	5
暴	5	学校での暴力禁止	暴力	ぼうりょく	5
暴	5	車の暴走事故	暴走	ぼうそう	5
務	5	任務をはたす	任務	にんむ	5
務	5	日常の業務	業務	ぎょうむ	5
夢	5	昨夜見た夢	夢	ゆめ	5
夢	5	読書に夢中	夢中	むちゅう	5
迷	5	道に迷う	迷う	まよう	5
迷	5	複雑な迷路	迷路	めいろ	5
綿	5	木綿のシャツ	木綿	もめん	5
綿	5	真っ白な綿	綿	わた	5
輸	5	海外への輸出	輸出	ゆしゅつ	5
輸	5	荷物の輸送	輸送	ゆそう	5
余	5	余白が小さい	余白	よはく	5
余	5	食べ物が余る	余る	あまる	5
預	5	銀行の預金通帳	預金	よきん	5
預	5	荷物を預ける	預ける	あずける	5
容	5	手紙の内容	内容	ないよう	5
容	5	ガラスの容器	容器	ようき	5
略	5	文章を省略	省略	しょうりゃく	5
略	5	地図の略図	略図	りゃくず	5
留	5	家が留守	留守	るす	5
留	5	海外への留学	留学	りゅうがく	5
領	5	国の領土	領土	りょうど	5
領	5	商品の領収書	領収書	りょうしゅうしょ	6
異	6	見た目が異なる	異なる	ことなる	6
異	6	体調に異常	異常	いじょう	6
遺	6	遺言書をつくる	遺言	ゆいごん	6
遺	6	遺伝の法則	遺伝	いでん	6
域	6	この地域の気候	地域	ちいき	6
域	6	研究の領域	領域	りょういき	6
宇	6	広大な宇宙	宇宙	うちゅう	6
宇	6	宇宙船の打ち上げ	宇宙船	うちゅうせん	6
映	6	新作映画	映画	えいが	6
映	6	映像の世界	映像	えいぞう	6
延	6	試合の延期	延期	えんき	6
延	6	時間の延長	延長	えんちょう	6
沿	6	沿岸部の気候	沿岸	えんがん	6
沿	6	規則に沿う	沿う	そう	6
我	6	我を張る	我	が	6
我	6	我が家の伝統	我が家	わがや	6
灰	6	灰色の空	灰色	はいいろ	6
灰	6	石灰石をみつける	石灰石	せっかいせき	6
拡	6	画像を拡大	拡大	かくだい	6
拡	6	建物を拡張する	拡張	かくちょう	6
革	6	制度の改革	改革	かいかく	6
革	6	上質な皮革	皮革	ひかく	6
閣	6	新しい内閣	内閣	ないかく	6
閣	6	今朝の閣議	閣議	かくぎ	6
割	6	ガラスが割れる	割れる	われる	6
割	6	正しい割合	割合	わりあい	6
株	6	株式の取引	株式	かぶしき	6
株	6	株価の変動	株価	かぶか	6
干	6	洗たく物を干す	干す	ほす	6
干	6	干潮の時間	干潮	かんちょう	6
巻	6	紐を巻く	巻く	まく	6
巻	6	小説の上巻	上巻	じょうかん	6
看	6	新しい看板	看板	かんばん	6
看	6	看護の仕事	看護	かんご	6
簡	6	簡単な問題	簡単	かんたん	6
簡	6	簡易な方法	簡易	かんい	6
危	6	危険な場所	危険	きけん	6
危	6	危うい立場	危うい	あやうい	6
机	6	木の机	机	つくえ	6
机	6	新しい学習机	学習机	がくしゅうづくえ	6
揮	6	指揮者の動き	指揮	しき	6
揮	6	実力を発揮	発揮	はっき	6
貴	6	貴重な資料	貴重	きちょう	6
貴	6	古代の貴族	貴族	きぞく	6
疑	6	大きな疑問	疑問	ぎもん	6
疑	6	容疑者の特定	容疑	ようぎ	6
吸	6	深く吸う	吸う	すう	6
吸	6	呼吸の音	呼吸	こきゅう	6
供	6	物資の供給	供給	きょうきゅう	6
供	6	子供たちが遊ぶ	子供	こども	6
胸	6	胸が痛む	胸	むね	6
胸	6	胸囲を測定	胸囲	きょうい	6
郷	6	郷土の歴史	郷土	きょうど	6
郷	6	故郷の山	故郷	ふるさと	6
勤	6	勤務時間	勤務	きんむ	6
勤	6	勤勉な性格	勤勉	きんべん	6
筋	6	筋肉をきたえる	筋肉	きんにく	6
筋	6	筋道を立てて考える	筋道	すじみち	6
系	6	体系的な学習	体系	たいけい	6
系	6	会社の系列	系列	けいれつ	6
敬	6	敬語を使う	敬語	けいご	6
敬	6	尊敬する心	尊敬	そんけい	6
警	6	警察署	警察	けいさつ	6
警	6	警報が鳴る	警報	けいほう	6
劇	6	劇場の幕	劇場	げきじょう	6
劇	6	悲劇の結末	悲劇	ひげき	6
激	6	激しい雨	激しい	はげしい	6
激	6	感激する	感激	かんげき	6
穴	6	地面に穴	穴	あな	6
穴	6	空き穴を探す	空き穴	あきあな	6
絹	6	絹の着物	絹	きぬ	6
絹	6	絹糸をつむぐ	絹糸	きぬいと	6
権	6	権利を守る	権利	けんり	6
権	6	政権交代	政権	せいけん	6
憲	6	憲法の精神	憲法	けんぽう	6
憲	6	違憲判決	違憲	いけん	7
源	6	資源の活用	資源	しげん	6
源	6	水源の森	水源	すいげん	6
厳	6	厳しい寒さ	厳しい	きびしい	6
厳	6	厳重な警備	厳重	げんじゅう	6
己	6	自己の判断	自己	じこ	6
己	6	利己的な考え	利己	りこ	6
呼	6	名前を呼ぶ	呼ぶ	よぶ	6
呼	6	呼吸があらい	呼吸	こきゅう	6
誤	6	答えを誤る	誤る	あやまる	6
誤	6	誤解を招く	誤解	ごかい	6
后	6	皇后陛下	皇后	こうごう	6
后	6	后の座	后	きさき	6
孝	6	孝行な子	孝行	こうこう	6
孝	6	孝心の念	孝心	こうしん	6
皇	6	皇后陛下	皇后	こうごう	6
皇	6	天皇陛下	天皇	てんのう	6
紅	6	紅葉の季節	紅葉	こうよう	6
紅	6	口紅をぬる	口紅	くちべに	6
降	6	雨が降る	降る	ふる	6
降	6	降下する気温	降下	こうか	6
鋼	6	鋼鉄の橋	鋼鉄	こうてつ	6
鋼	6	鋼材の強度	鋼材	こうざい	6
刻	6	肉を刻む	刻む	きざむ	6
刻	6	時刻表	時刻	じこく	6
穀	6	穀物をそだてる	穀物	こくもつ	6
穀	6	米穀の貯蔵	米穀	べいこく	6
骨	6	骨が折れる	骨	ほね	6
骨	6	骨折をした	骨折	こっせつ	6
困	6	問題で困る	困る	こまる	6
困	6	困難である	困難	こんなん	6
砂	6	砂の城	砂	すな	6
砂	6	砂岩をくだく	砂漠	さばく	6
座	6	いすに座る	座る	すわる	6
座	6	座席を確保	座席	ざせき	6
済	6	宿題が済む	済む	すむ	6
済	6	経済の発展	経済	けいざい	6
裁	6	裁判の判決	裁判	さいばん	6
裁	6	けんかを裁く	裁く	さばく	6
策	6	政策を立案する	政策	せいさく	6
策	6	対策を講じる	対策	たいさく	6
冊	6	冊子を作成	冊子	さっし	6
冊	6	本一冊	一冊	いっさつ	6
蚕	6	養蚕の技術	養蚕	ようさん	6
蚕	6	蚕の成長	蚕	かいこ	6
至	6	極限に至る	至る	いたる	6
至	6	至急の用件	至急	しきゅう	6
私	6	私立大学	私立	しりつ	6
私	6	私の意見	私	わたし	6
姿	6	鏡に映る姿	姿	すがた	6
姿	6	戦場の勇姿	勇姿	ゆうし	6
視	6	視力検査の結果	視力	しりょく	6
視	6	注視する	注視	ちゅうし	6
詞	6	国語の授業で動詞の活用	動詞	どうし	6
詞	6	新曲の歌詞を覚える	歌詞	かし	6
誌	6	図書館の雑誌コーナー	雑誌	ざっし	6
誌	6	毎日の日誌を記録	日誌	にっし	6
磁	6	理科実験で磁石の性質	磁石	じしゃく	6
磁	6	地球の磁気の働き	磁気	じき	6
射	6	弓を射る練習	射る	いる	6
射	6	ロケットの発射	発射	はっしゃ	6
捨	6	ゴミを捨てる場所	捨てる	すてる	6
捨	6	取捨する	取捨する	しゅしゃ	6
尺	6	日本の伝統的な尺の単位	尺	しゃく	6
尺	6	評価の尺度として	尺度	しゃくど	6
若	6	若い世代の意見	若い	わかい	6
若	6	街を歩く若者たち	若者	わかもの	6
樹	6	公園の樹木の種類	樹木	じゅもく	6
樹	6	果樹園の管理	果樹	かじゅ	6
収	6	月々の収入を計算	収入	しゅうにゅう	6
収	6	資源の回収作業	回収	かいしゅう	6
宗	6	世界の宗教について	宗教	しゅうきょう	6
宗	6	宗派の違い	宗派	しゅうは	7
就	6	夜に就く時間	就く	つく	6
就	6	来春の就職活動	就職	しゅうしょく	6
衆	6	衆議院の選挙	衆議院	しゅうぎいん	6
衆	6	大衆文化の発展	大衆	たいしゅう	6
従	6	規則に従う態度	従う	したがう	6
従	6	会社の従業員数	従業員	じゅうぎょういん	6
縦	6	紙の縦の長さ	縦	たて	6
縦	6	日本列島縦断の旅	縦断	じゅうだん	6
縮	6	服が縮む原因	縮む	ちぢむ	6
縮	6	縮小している	縮小	しゅくしょう	6
熟	6	果物の成熟過程	成熟	せいじゅく	6
熟	6	梅が熟す時期	熟す	じゅくす	6
純	6	純真な気持ち	純真	じゅんしん	6
純	6	単純な計算問題	単純	たんじゅん	6
処	6	データの処理方法	処理	しょり	6
処	6	処分する	処分	しょぶん	6
署	6	書類への署名	署名	しょめい	6
署	6	近くの警察署	警察署	けいさつしょ	6
諸	6	諸国との外交関係	諸国	しょこく	6
諸	6	南の諸島の気候	諸島	しょとう	6
除	6	除去する	削除	さくじょ	6
除	6	雑草を除く作業	除く	のぞく	6
将	6	将来の夢を語る	将来	しょうらい	6
将	6	軍の大将	大将	たいしょう	6
傷	6	傷が痛む	傷	きず	6
傷	6	事故で重い負傷	負傷	ふしょう	6
障	6	障害者への理解	障害	しょうがい	6
障	6	機械の故障で停止	故障	こしょう	6
城	6	天守閣の城	城	しろ	6
城	6	城下町が栄える	城下町	じょうかまち	6
蒸	6	蒸気で温まる	蒸気	じょうき	6
蒸	6	水の蒸発現象	蒸発	じょうはつ	6
針	6	ぬい針をさがす	針	はり	6
針	6	方位針で方角を確認	方位針	ほういしん	6
仁	6	仁王像がたつ	仁王	におう	6
仁	6	武士の仁義	仁義	じんぎ	6
垂	6	雨だれが垂れる	垂れる	たれる	6
垂	6	垂直に立つ線	垂直	すいちょく	6
推	6	事業の推進方針	推進	すいしん	6
推	6	議長に推す	推す	おす	6
寸	6	正確な寸法	寸法	すんぽう	6
寸	6	面白い寸劇	寸劇	すんげき	6
盛	6	お皿に盛る	盛る	もる	6
盛	6	盛大な祝賀会	盛大	せいだい	6
聖	6	古い聖書	聖書	せいしょ	6
聖	6	神聖な場所	神聖	しんせい	6
誠	6	誠実な態度	誠実	せいじつ	6
誠	6	深い誠意	誠意	せいい	6
宣	6	独立の宣言	宣言	せんげん	6
宣	6	新商品の宣伝	宣伝	せんでん	6
専	6	医学の専門家	専門	せんもん	6
専	6	専用の車	専用	せんよう	6
泉	6	山の温泉	温泉	おんせん	6
泉	6	庭園の泉水	泉水	せんすい	6
洗	6	手を洗う	洗う	あらう	6
洗	6	洗礼する	洗礼	せんれい	6
染	6	布を染める	染める	そめる	6
染	6	病気の感染	感染	かんせん	6
善	6	善良な市民	善良	ぜんりょう	6
善	6	制度の改善	改善	かいぜん	6
奏	6	ピアノの演奏	演奏	えんそう	6
奏	6	音色を奏でる	奏でる	かなでる	6
窓	6	部屋の窓	窓	まど	6
窓	6	屋根の天窓	天窓	てんまど	6
創	6	豊かな創造力	創造	そうぞう	6
創	6	小説の創作	創作	そうさく	6
装	6	正しい服装	服装	ふくそう	6
装	6	実験装置の操作	装置	そうち	6
層	6	社会の階層	階層	かいそう	6
層	6	高層ビル	高層	こうそう	6
操	6	機械の操作	操作	そうさ	6
操	6	朝の体操	体操	たいそう	6
蔵	6	古い蔵の中	蔵	くら	6
蔵	6	食品の貯蔵庫	貯蔵	ちょぞう	6
臓	6	心臓の音	心臓	しんぞう	6
臓	6	人体の内臓	内臓	ないぞう	6
存	6	データの保存	保存	ほぞん	6
存	6	生命の存在	存在	そんざい	6
尊	6	目上の人への尊敬	尊敬	そんけい	6
尊	6	人権の尊重	尊重	そんちょう	6
宅	6	自宅での仕事	自宅	じたく	6
宅	6	宅配サービス	宅配	たくはい	6
担	6	業務の担当	担当	たんとう	6
担	6	重荷を担う	担う	になう	6
探	6	落とし物を探す	探す	さがす	6
探	6	南極探検	探検	たんけん	6
誕	6	友の誕生日	誕生日	たんじょうび	6
誕	6	キリスト降誕祭	降誕	こうたん	6
段	6	急な階段	階段	かいだん	6
段	6	文章の段落	段落	だんらく	6
暖	6	春の暖かい日差し	暖かい	あたたかい	6
暖	6	今年は暖冬だ	暖冬	だんとう	6
値	6	人生の価値	価値	かち	6
値	6	正確な数値	数値	すうち	6
宙	6	広大な宇宙	宇宙	うちゅう	6
宙	6	体操の宙返り	宙返り	ちゅうがえり	6
忠	6	仕事に忠実	忠実	ちゅうじつ	6
忠	6	親からの忠告	忠告	ちゅうこく	6
著	6	本の著者	著者	ちょしゃ	6
著	6	著しい成長	著しい	いちじるしい	6
庁	6	新しい県庁	県庁	けんちょう	6
庁	6	中央官庁	官庁	かんちょう	6
頂	6	富士山頂上	頂上	ちょうじょう	6
頂	6	三角形の頂点	頂点	ちょうてん	6
潮	6	海の潮の香り	潮	しお	6
潮	6	台風の高潮	高潮	たかしお	6
賃	6	毎月の家賃	家賃	やちん	6
賃	6	月々の賃金	賃金	ちんぎん	6
痛	6	歯が痛い	痛い	いたい	6
痛	6	失敗を痛感	痛感	つうかん	6
展	6	物語の展開	展開	てんかい	6
展	6	美術展示会	展示	てんじ	6
討	6	クラスでの討論	討論	とうろん	6
討	6	案件の検討	検討	けんとう	6
党	6	新しい政党	政党	せいとう	6
党	6	国会の与党	与党	よとう	7
糖	6	コーヒーに砂糖	砂糖	さとう	6
糖	6	血液の糖分	糖分	とうぶん	6
届	6	郵便が届く	届く	とどく	6
届	6	役所に届け出	届け出	とどけで	6
難	6	この問題は難しい	難しい	むずかしい	6
難	6	人生の困難に立ち向かう	困難	こんなん	6
乳	6	毎朝牛乳を飲む	牛乳	ぎゅうにゅう	6
乳	6	乳酸がたまる	乳酸	にゅうさん	6
認	6	事実を認める	認める	みとめる	6
認	6	上司の承認を得る	承認	しょうにん	6
納	6	説明に納得	納得	なっとく	6
納	6	本を収納する	収納	しゅうのう	6
脳	6	人間の脳の構造	脳	のう	6
脳	6	優れた頭脳の持ち主	頭脳	ずのう	6
派	6	派手な服装	派手	はで	6
派	6	流派が異なる	流派	りゅうは	6
拝	6	拝見する	拝見	はいけん	6
拝	6	神様を拝む	拝む	おがむ	6
背	6	背中をのばす	背中	せなか	6
背	6	山の背景	背景	はいけい	6
肺	6	肺の働き	肺	はい	6
肺	6	肺活量を測定	肺活量	はいかつりょう	6
俳	6	五七五の俳句	俳句	はいく	6
俳	6	有名な俳優	俳優	はいゆう	6
班	6	班長が号令	班長	はんちょう	6
班	6	三つの班に分かれる	班	はん	6
晩	6	晩ご飯を食べる	晩ご飯	ばんごはん	6
晩	6	夕晩の空	夕晩	ゆうばん	6
否	6	事実を否定	否定	ひてい	6
否	6	容疑を否認	否認	ひにん	6
批	6	政策を批判	批判	ひはん	6
批	6	作品の批評	批評	ひひょう	6
秘	6	大切な秘密	秘密	ひみつ	6
秘	6	社長の秘書	秘書	ひしょ	6
腹	6	腹が痛い	腹	はら	6
腹	6	激しい腹痛	腹痛	ふくつう	6
奮	6	奮発する	奮発	ふんぱつ	6
奮	6	観客が興奮	興奮	こうふん	6
並	6	列に並ぶ	並ぶ	ならぶ	6
並	6	データを並列化	並列	へいれつ	6
陛	6	天皇陛下の玉音放送	天皇陛下	てんのうへいか	6
陛	6	陛下のあいさつ	陛下	へいか	6
閉	6	本を閉じる	閉じる	とじる	6
閉	6	式典の閉会	閉会	へいかい	6
片	6	部屋を片付け	片付け	かたづけ	6
片	6	片方のくつ	片方	かたほう	6
補	6	不足を補う	補う	おぎなう	6
補	6	水分を補給	補給	ほきゅう	6
暮	6	都会で暮らす	暮らす	くらす	6
暮	6	夕暮れの空	夕暮れ	ゆうぐれ	6
宝	6	大切な宝物	宝物	たからもの	6
宝	6	美しい宝石	宝石	ほうせき	6
訪	6	友人を訪ねる	訪ねる	たずねる	6
訪	6	海外を訪問	訪問	ほうもん	6
亡	6	事故で死亡	死亡	しぼう	6
亡	6	財布を亡くす	亡くす	なくす	6
忘	6	宿題を忘れる	忘れる	わすれる	6
忘	6	会社の忘年会	忘年会	ぼうねんかい	6
棒	6	まっすぐな棒	棒	ぼう	6
棒	6	選手の棒高跳び	棒高跳び	ぼうたかとび	7
枚	6	用紙の枚数を確認	枚数	まいすう	6
枚	6	写真一枚	一枚	いちまい	6
幕	6	大会の開幕	開幕	かいまく	6
幕	6	幕府の歴史	幕府	ばくふ	6
密	6	大切な秘密	秘密	ひみつ	6
密	6	人の密集する駅前	密集	みっしゅう	6
盟	6	国家間の同盟	同盟	どうめい	6
盟	6	スポーツ連盟の大会	連盟	れんめい	6
模	6	飛行機の模型	模型	もけい	6
模	6	着物の模様	模様	もよう	6
訳	6	英文を訳す	訳す	やくす	6
訳	6	英語の通訳	通訳	つうやく	6
郵	6	郵便ポスト	郵便	ゆうびん	6
郵	6	書類の郵送	郵送	ゆうそう	6
優	6	優しい気持ち	優しい	やさしい	6
優	6	優れた成績	優れた	すぐれた	6
幼	6	幼い子供	幼い	おさない	6
幼	6	幼児の遊び場	幼児	ようじ	6
欲	6	新しい本が欲しい	欲しい	ほしい	6
欲	6	人間の欲望	欲望	よくぼう	6
翌	6	事件の翌日	翌日	よくじつ	6
翌	6	翌年の計画	翌年	よくねん	6
乱	6	心が乱れる	乱れる	みだれる	6
乱	6	街の混乱	混乱	こんらん	6
卵	6	卵を割る	卵	たまご	6
卵	6	卵黄の色	卵黄	らんおう	6
覧	6	美術館の観覧	観覧	かんらん	6
覧	6	資料の一覧	一覧	いちらん	6
裏	6	はがきの裏	裏	うら	6
裏	6	建物の裏側	裏側	うらがわ	6
律	6	国の法律	法律	ほうりつ	6
律	6	古典の音律	音律	おんりつ	6
臨	6	臨時休業	臨時	りんじ	6
臨	6	困難に臨む	臨む	のぞむ	6
朗	6	詩の朗読	朗読	ろうどく	6
朗	6	明朗な性格	明朗	めいろう	6
論	6	白熱した議論	議論	ぎろん	6
論	6	研究論文の発表	論文	ろんぶん	6
茨	4	茨城県に行く	茨城	いばらき	6
媛	4	愛媛県に行く	愛媛	えひめ	4
岡	4	岡山城をみる	岡山	おかやま	6
潟	4	新潟のお米	新潟	にいがた	4
潟	4	干潟を見学する	干潟	ひがた	6
岐	4	岐阜県の河川	岐阜	ぎふ	5
熊	4	熊本県のみかん	熊本	くまもと	4
香	4	香川のうどん	香川	かがわ	4
香	4	正気の香車	香車	きょうしゃ	4
佐	4	佐賀県は九州だ	佐賀県	さがけん	5
埼	4	埼玉県は海がない	埼玉	さいたま	4
崎	4	岡崎の味噌	岡崎	おかざき	4
滋	4	滋賀県の琵琶湖	滋賀	しが	5
鹿	4	鹿児島県の桜島	鹿児島	かごしま	5
鹿	4	奈良の鹿	鹿	しか	4
縄	4	沖縄の海	沖縄	おきなわ	4
縄	4	縄文時代	縄文	じょうもん	4
井	4	井戸の水	井戸	いど	4
井	4	石油の油井	油井	ゆせい	4
井	4	天井を見上げる	天井	てんじょう	4
沖	4	海の沖合	沖合	おきあい	4
栃	4	栃の実	栃	とちぎ	4
栃	4	栃木県の日光に行く	栃木	とちぎ	4
奈	4	奈良の大仏	奈良	ならぶ	5
梨	4	山梨県のぶどう	山梨	やまなし	4
梨	4	梨園の妻	梨園	りえん	5
阪	4	大阪万博	大阪	おおさか	4
阜	4	岐阜県の鮎	岐阜	ぎふ	4